01/08/2014 00:01:00,1.33877
01/08/2014 00:02:00,1.33879
01/08/2014 00:03:00,1.33878
01/08/2014 00:04:00,1.33877
01/08/2014 00:05:00,1.33879
01/08/2014 00:06:00,1.3388
01/08/2014 00:07:00,1.3388
01/08/2014 00:08:00,1.33878
01/08/2014 00:09:00,1.3388
01/08/2014 00:10:00,1.3388
01/08/2014 00:11:00,1.33881
01/08/2014 00:12:00,1.33882
01/08/2014 00:13:00,1.33879
01/08/2014 00:14:00,1.3388
01/08/2014 00:15:00,1.33881
01/08/2014 00:16:00,1.3388
01/08/2014 00:17:00,1.3388
01/08/2014 00:18:00,1.33885
01/08/2014 00:19:00,1.3389
01/08/2014 00:20:00,1.33889
01/08/2014 00:21:00,1.3389
01/08/2014 00:22:00,1.33892
01/08/2014 00:23:00,1.33891
01/08/2014 00:24:00,1.33891
01/08/2014 00:25:00,1.33893
01/08/2014 00:26:00,1.33894
01/08/2014 00:27:00,1.33894
01/08/2014 00:28:00,1.33895
01/08/2014 00:29:00,1.33893
01/08/2014 00:31:00,1.33886
01/08/2014 00:32:00,1.33886
01/08/2014 00:33:00,1.33885
01/08/2014 00:34:00,1.33882
01/08/2014 00:35:00,1.33883
01/08/2014 00:36:00,1.33881
01/08/2014 00:37:00,1.33879
01/08/2014 00:38:00,1.33879
01/08/2014 00:39:00,1.33874
01/08/2014 00:40:00,1.33874
01/08/2014 00:41:00,1.33869
01/08/2014 00:42:00,1.33869
01/08/2014 00:43:00,1.33873
01/08/2014 00:44:00,1.33873
01/08/2014 00:45:00,1.33874
01/08/2014 00:46:00,1.3388
01/08/2014 00:47:00,1.3388
01/08/2014 00:48:00,1.33879
01/08/2014 00:49:00,1.33882
01/08/2014 00:50:00,1.33885
01/08/2014 00:51:00,1.33885
01/08/2014 00:52:00,1.33884
01/08/2014 00:53:00,1.33885
01/08/2014 00:54:00,1.33886
01/08/2014 00:55:00,1.33885
01/08/2014 00:56:00,1.33885
01/08/2014 00:57:00,1.33878
01/08/2014 00:58:00,1.33878
01/08/2014 00:59:00,1.33878
01/08/2014 01:00:00,1.33878
01/08/2014 01:01:00,1.33873
01/08/2014 01:02:00,1.33862
01/08/2014 01:03:00,1.3386
01/08/2014 01:04:00,1.33859
01/08/2014 01:05:00,1.33863
01/08/2014 01:06:00,1.33864
01/08/2014 01:07:00,1.33864
01/08/2014 01:08:00,1.33865
01/08/2014 01:09:00,1.33869
01/08/2014 01:10:00,1.33876
01/08/2014 01:11:00,1.33875
01/08/2014 01:12:00,1.33869
01/08/2014 01:13:00,1.33876
01/08/2014 01:14:00,1.33886
01/08/2014 01:15:00,1.33883
01/08/2014 01:16:00,1.33886
01/08/2014 01:17:00,1.33882
01/08/2014 01:18:00,1.33882
01/08/2014 01:19:00,1.33872
01/08/2014 01:20:00,1.33879
01/08/2014 01:21:00,1.33886
01/08/2014 01:22:00,1.33879
01/08/2014 01:23:00,1.3388
01/08/2014 01:24:00,1.33881
01/08/2014 01:25:00,1.3388
01/08/2014 01:26:00,1.33878
01/08/2014 01:27:00,1.3388
01/08/2014 01:28:00,1.33876
01/08/2014 01:29:00,1.3387
01/08/2014 01:30:00,1.33869
01/08/2014 01:31:00,1.3387
01/08/2014 01:32:00,1.33877
01/08/2014 01:33:00,1.33878
01/08/2014 01:34:00,1.33892
01/08/2014 01:35:00,1.33899
01/08/2014 01:36:00,1.33901
01/08/2014 01:37:00,1.33898
01/08/2014 01:38:00,1.33902
01/08/2014 01:39:00,1.33902
01/08/2014 01:40:00,1.33901
01/08/2014 01:41:00,1.339
01/08/2014 01:42:00,1.339
01/08/2014 01:43:00,1.33892
01/08/2014 01:44:00,1.33889
01/08/2014 01:45:00,1.33903
01/08/2014 01:46:00,1.33903
01/08/2014 01:47:00,1.33903
01/08/2014 01:48:00,1.33902
01/08/2014 01:49:00,1.33898
01/08/2014 01:50:00,1.33892
01/08/2014 01:51:00,1.33883
01/08/2014 01:52:00,1.33876
01/08/2014 01:53:00,1.33885
01/08/2014 01:54:00,1.33889
01/08/2014 01:55:00,1.3388
01/08/2014 01:56:00,1.33879
01/08/2014 01:57:00,1.33889
01/08/2014 01:58:00,1.33888
01/08/2014 01:59:00,1.33887
01/08/2014 02:00:00,1.33881
01/08/2014 02:01:00,1.3388
01/08/2014 02:02:00,1.3387
01/08/2014 02:03:00,1.33876
01/08/2014 02:04:00,1.33879
01/08/2014 02:05:00,1.3388
01/08/2014 02:06:00,1.3388
01/08/2014 02:07:00,1.3388
01/08/2014 02:08:00,1.33867
01/08/2014 02:09:00,1.3387
01/08/2014 02:10:00,1.33868
01/08/2014 02:11:00,1.3386
01/08/2014 02:12:00,1.33858
01/08/2014 02:13:00,1.33862
01/08/2014 02:14:00,1.3386
01/08/2014 02:15:00,1.3386
01/08/2014 02:16:00,1.3386
01/08/2014 02:17:00,1.3388
01/08/2014 02:18:00,1.3388
01/08/2014 02:19:00,1.33882
01/08/2014 02:20:00,1.33878
01/08/2014 02:21:00,1.33883
01/08/2014 02:22:00,1.33874
01/08/2014 02:23:00,1.33889
01/08/2014 02:24:00,1.33888
01/08/2014 02:25:00,1.33881
01/08/2014 02:26:00,1.33881
01/08/2014 02:27:00,1.3387
01/08/2014 02:28:00,1.33874
01/08/2014 02:29:00,1.3387
01/08/2014 02:30:00,1.3387
01/08/2014 02:31:00,1.33863
01/08/2014 02:32:00,1.33863
01/08/2014 02:33:00,1.33862
01/08/2014 02:34:00,1.33868
01/08/2014 02:35:00,1.33864
01/08/2014 02:36:00,1.33856
01/08/2014 02:37:00,1.33855
01/08/2014 02:38:00,1.33851
01/08/2014 02:39:00,1.33845
01/08/2014 02:40:00,1.33841
01/08/2014 02:41:00,1.33841
01/08/2014 02:42:00,1.33841
01/08/2014 02:43:00,1.33848
01/08/2014 02:44:00,1.33847
01/08/2014 02:45:00,1.33862
01/08/2014 02:46:00,1.33852
01/08/2014 02:47:00,1.33858
01/08/2014 02:48:00,1.33862
01/08/2014 02:49:00,1.3386
01/08/2014 02:50:00,1.33861
01/08/2014 02:51:00,1.33863
01/08/2014 02:52:00,1.33866
01/08/2014 02:53:00,1.33865
01/08/2014 02:54:00,1.33866
01/08/2014 02:55:00,1.33866
01/08/2014 02:56:00,1.3386
01/08/2014 02:57:00,1.33867
01/08/2014 02:58:00,1.33861
01/08/2014 02:59:00,1.3386
01/08/2014 03:00:00,1.33865
01/08/2014 03:01:00,1.33865
01/08/2014 03:02:00,1.33869
01/08/2014 03:03:00,1.33868
01/08/2014 03:04:00,1.3387
01/08/2014 03:05:00,1.33869
01/08/2014 03:06:00,1.33869
01/08/2014 03:07:00,1.33871
01/08/2014 03:08:00,1.33872
01/08/2014 03:09:00,1.33875
01/08/2014 03:10:00,1.33871
01/08/2014 03:11:00,1.3388
01/08/2014 03:12:00,1.33878
01/08/2014 03:13:00,1.33877
01/08/2014 03:14:00,1.33876
01/08/2014 03:15:00,1.33876
01/08/2014 03:16:00,1.33876
01/08/2014 03:17:00,1.33879
01/08/2014 03:18:00,1.3388
01/08/2014 03:19:00,1.33879
01/08/2014 03:20:00,1.33874
01/08/2014 03:21:00,1.33868
01/08/2014 03:22:00,1.33854
01/08/2014 03:23:00,1.33853
01/08/2014 03:24:00,1.33854
01/08/2014 03:25:00,1.33854
01/08/2014 03:26:00,1.33859
01/08/2014 03:27:00,1.33859
01/08/2014 03:28:00,1.33859
01/08/2014 03:29:00,1.33859
01/08/2014 03:30:00,1.33861
01/08/2014 03:31:00,1.33861
01/08/2014 03:32:00,1.33861
01/08/2014 03:33:00,1.33865
01/08/2014 03:34:00,1.33865
01/08/2014 03:35:00,1.33861
01/08/2014 03:36:00,1.3386
01/08/2014 03:37:00,1.33864
01/08/2014 03:38:00,1.33864
01/08/2014 03:39:00,1.33864
01/08/2014 03:40:00,1.33861
01/08/2014 03:41:00,1.3386
01/08/2014 03:42:00,1.3386
01/08/2014 03:43:00,1.33859
01/08/2014 03:44:00,1.3386
01/08/2014 03:45:00,1.33861
01/08/2014 03:46:00,1.33862
01/08/2014 03:47:00,1.33861
01/08/2014 03:48:00,1.33861
01/08/2014 03:49:00,1.33861
01/08/2014 03:50:00,1.33857
01/08/2014 03:51:00,1.33855
01/08/2014 03:52:00,1.33854
01/08/2014 03:53:00,1.33858
01/08/2014 03:54:00,1.33857
01/08/2014 03:55:00,1.33856
01/08/2014 03:56:00,1.3386
01/08/2014 03:57:00,1.3386
01/08/2014 03:58:00,1.33858
01/08/2014 03:59:00,1.33861
01/08/2014 04:00:00,1.33863
01/08/2014 04:01:00,1.3387
01/08/2014 04:02:00,1.3387
01/08/2014 04:03:00,1.3387
01/08/2014 04:04:00,1.33869
01/08/2014 04:05:00,1.33871
01/08/2014 04:06:00,1.33869
01/08/2014 04:07:00,1.33869
01/08/2014 04:08:00,1.3387
01/08/2014 04:09:00,1.3387
01/08/2014 04:10:00,1.33868
01/08/2014 04:11:00,1.33866
01/08/2014 04:12:00,1.33868
01/08/2014 04:13:00,1.33869
01/08/2014 04:14:00,1.33869
01/08/2014 04:15:00,1.3387
01/08/2014 04:16:00,1.33874
01/08/2014 04:17:00,1.33874
01/08/2014 04:18:00,1.33875
01/08/2014 04:19:00,1.33877
01/08/2014 04:20:00,1.3388
01/08/2014 04:21:00,1.33881
01/08/2014 04:22:00,1.33878
01/08/2014 04:23:00,1.33885
01/08/2014 04:24:00,1.33886
01/08/2014 04:25:00,1.33889
01/08/2014 04:26:00,1.33886
01/08/2014 04:27:00,1.33887
01/08/2014 04:28:00,1.33883
01/08/2014 04:29:00,1.33885
01/08/2014 04:30:00,1.33883
01/08/2014 04:31:00,1.33874
01/08/2014 04:32:00,1.33873
01/08/2014 04:33:00,1.33874
01/08/2014 04:34:00,1.33873
01/08/2014 04:35:00,1.33873
01/08/2014 04:36:00,1.33873
01/08/2014 04:37:00,1.33868
01/08/2014 04:38:00,1.33867
01/08/2014 04:39:00,1.33873
01/08/2014 04:41:00,1.33873
01/08/2014 04:42:00,1.33876
01/08/2014 04:43:00,1.33873
01/08/2014 04:44:00,1.33864
01/08/2014 04:45:00,1.33865
01/08/2014 04:46:00,1.33864
01/08/2014 04:49:00,1.33864
01/08/2014 04:50:00,1.33864
01/08/2014 04:51:00,1.33864
01/08/2014 04:52:00,1.33868
01/08/2014 04:53:00,1.33867
01/08/2014 04:54:00,1.33867
01/08/2014 04:55:00,1.33869
01/08/2014 04:57:00,1.33869
01/08/2014 04:58:00,1.33869
01/08/2014 04:59:00,1.33869
01/08/2014 05:00:00,1.33869
01/08/2014 05:01:00,1.33869
01/08/2014 05:02:00,1.33865
01/08/2014 05:03:00,1.33864
01/08/2014 05:04:00,1.33864
01/08/2014 05:05:00,1.33864
01/08/2014 05:06:00,1.33863
01/08/2014 05:07:00,1.33863
01/08/2014 05:08:00,1.33863
01/08/2014 05:09:00,1.33863
01/08/2014 05:10:00,1.33859
01/08/2014 05:11:00,1.33857
01/08/2014 05:12:00,1.33859
01/08/2014 05:13:00,1.33859
01/08/2014 05:14:00,1.3386
01/08/2014 05:15:00,1.33855
01/08/2014 05:16:00,1.33852
01/08/2014 05:17:00,1.33846
01/08/2014 05:18:00,1.33846
01/08/2014 05:19:00,1.33843
01/08/2014 05:20:00,1.3384
01/08/2014 05:21:00,1.33842
01/08/2014 05:22:00,1.33842
01/08/2014 05:23:00,1.33843
01/08/2014 05:24:00,1.33843
01/08/2014 05:25:00,1.33843
01/08/2014 05:26:00,1.33842
01/08/2014 05:27:00,1.33843
01/08/2014 05:28:00,1.33842
01/08/2014 05:29:00,1.33842
01/08/2014 05:30:00,1.33843
01/08/2014 05:31:00,1.33817
01/08/2014 05:32:00,1.33827
01/08/2014 05:33:00,1.33828
01/08/2014 05:34:00,1.33826
01/08/2014 05:35:00,1.3383
01/08/2014 05:36:00,1.33834
01/08/2014 05:37:00,1.33834
01/08/2014 05:38:00,1.33837
01/08/2014 05:39:00,1.33841
01/08/2014 05:40:00,1.3384
01/08/2014 05:41:00,1.33843
01/08/2014 05:42:00,1.33842
01/08/2014 05:43:00,1.33842
01/08/2014 05:44:00,1.33846
01/08/2014 05:45:00,1.33846
01/08/2014 05:46:00,1.33844
01/08/2014 05:47:00,1.33845
01/08/2014 05:48:00,1.33844
01/08/2014 05:49:00,1.33846
01/08/2014 05:50:00,1.33846
01/08/2014 05:51:00,1.33845
01/08/2014 05:52:00,1.33845
01/08/2014 05:53:00,1.33846
01/08/2014 05:54:00,1.33844
01/08/2014 05:55:00,1.33846
01/08/2014 05:56:00,1.33847
01/08/2014 05:58:00,1.33846
01/08/2014 05:59:00,1.33845
01/08/2014 06:00:00,1.33846
01/08/2014 06:01:00,1.33847
01/08/2014 06:02:00,1.33847
01/08/2014 06:04:00,1.33846
01/08/2014 06:05:00,1.33847
01/08/2014 06:06:00,1.33844
01/08/2014 06:07:00,1.33848
01/08/2014 06:08:00,1.33848
01/08/2014 06:09:00,1.33851
01/08/2014 06:10:00,1.33849
01/08/2014 06:11:00,1.33856
01/08/2014 06:12:00,1.33867
01/08/2014 06:13:00,1.33866
01/08/2014 06:14:00,1.33865
01/08/2014 06:15:00,1.3386
01/08/2014 06:16:00,1.33849
01/08/2014 06:17:00,1.33846
01/08/2014 06:18:00,1.33847
01/08/2014 06:19:00,1.33846
01/08/2014 06:20:00,1.33846
01/08/2014 06:21:00,1.33845
01/08/2014 06:22:00,1.33846
01/08/2014 06:23:00,1.33854
01/08/2014 06:24:00,1.33856
01/08/2014 06:25:00,1.33857
01/08/2014 06:26:00,1.33855
01/08/2014 06:27:00,1.33856
01/08/2014 06:28:00,1.33854
01/08/2014 06:29:00,1.33855
01/08/2014 06:30:00,1.33847
01/08/2014 06:31:00,1.33846
01/08/2014 06:32:00,1.33846
01/08/2014 06:33:00,1.33841
01/08/2014 06:34:00,1.33838
01/08/2014 06:35:00,1.3385
01/08/2014 06:36:00,1.33846
01/08/2014 06:37:00,1.33848
01/08/2014 06:38:00,1.33847
01/08/2014 06:39:00,1.33848
01/08/2014 06:40:00,1.33847
01/08/2014 06:41:00,1.33844
01/08/2014 06:42:00,1.3385
01/08/2014 06:43:00,1.33851
01/08/2014 06:44:00,1.33835
01/08/2014 06:45:00,1.33835
01/08/2014 06:46:00,1.33838
01/08/2014 06:47:00,1.33854
01/08/2014 06:48:00,1.33839
01/08/2014 06:49:00,1.33834
01/08/2014 06:50:00,1.33834
01/08/2014 06:51:00,1.33833
01/08/2014 06:52:00,1.33834
01/08/2014 06:53:00,1.33834
01/08/2014 06:54:00,1.33834
01/08/2014 06:55:00,1.33836
01/08/2014 06:56:00,1.33837
01/08/2014 06:57:00,1.33835
01/08/2014 06:58:00,1.33834
01/08/2014 06:59:00,1.33835
01/08/2014 07:00:00,1.33835
01/08/2014 07:01:00,1.33846
01/08/2014 07:02:00,1.33856
01/08/2014 07:03:00,1.33838
01/08/2014 07:04:00,1.33841
01/08/2014 07:05:00,1.3385
01/08/2014 07:06:00,1.33858
01/08/2014 07:07:00,1.33867
01/08/2014 07:08:00,1.33859
01/08/2014 07:09:00,1.3386
01/08/2014 07:10:00,1.33859
01/08/2014 07:11:00,1.33851
01/08/2014 07:12:00,1.33852
01/08/2014 07:13:00,1.33845
01/08/2014 07:14:00,1.33863
01/08/2014 07:15:00,1.33864
01/08/2014 07:16:00,1.33867
01/08/2014 07:17:00,1.33869
01/08/2014 07:18:00,1.33871
01/08/2014 07:19:00,1.33855
01/08/2014 07:20:00,1.33877
01/08/2014 07:21:00,1.33876
01/08/2014 07:22:00,1.33876
01/08/2014 07:23:00,1.3387
01/08/2014 07:24:00,1.33863
01/08/2014 07:25:00,1.33863
01/08/2014 07:26:00,1.33859
01/08/2014 07:27:00,1.3386
01/08/2014 07:28:00,1.33856
01/08/2014 07:29:00,1.33859
01/08/2014 07:30:00,1.33852
01/08/2014 07:31:00,1.3385
01/08/2014 07:32:00,1.33847
01/08/2014 07:33:00,1.33849
01/08/2014 07:34:00,1.33852
01/08/2014 07:35:00,1.33849
01/08/2014 07:36:00,1.33848
01/08/2014 07:37:00,1.33858
01/08/2014 07:38:00,1.33862
01/08/2014 07:39:00,1.3386
01/08/2014 07:40:00,1.33859
01/08/2014 07:41:00,1.33859
01/08/2014 07:42:00,1.33862
01/08/2014 07:43:00,1.33867
01/08/2014 07:44:00,1.33882
01/08/2014 07:45:00,1.33888
01/08/2014 07:46:00,1.33892
01/08/2014 07:47:00,1.33876
01/08/2014 07:48:00,1.33874
01/08/2014 07:49:00,1.33856
01/08/2014 07:50:00,1.33855
01/08/2014 07:51:00,1.33839
01/08/2014 07:52:00,1.33846
01/08/2014 07:53:00,1.33839
01/08/2014 07:54:00,1.33839
01/08/2014 07:55:00,1.3382
01/08/2014 07:56:00,1.33821
01/08/2014 07:57:00,1.33825
01/08/2014 07:58:00,1.3382
01/08/2014 07:59:00,1.33816
01/08/2014 08:00:00,1.33819
01/08/2014 08:01:00,1.33819
01/08/2014 08:02:00,1.33811
01/08/2014 08:03:00,1.33817
01/08/2014 08:04:00,1.3382
01/08/2014 08:05:00,1.33823
01/08/2014 08:06:00,1.33826
01/08/2014 08:07:00,1.33822
01/08/2014 08:08:00,1.33831
01/08/2014 08:09:00,1.3383
01/08/2014 08:10:00,1.33837
01/08/2014 08:11:00,1.33834
01/08/2014 08:12:00,1.33838
01/08/2014 08:13:00,1.3384
01/08/2014 08:14:00,1.33848
01/08/2014 08:15:00,1.33826
01/08/2014 08:16:00,1.3383
01/08/2014 08:17:00,1.33841
01/08/2014 08:18:00,1.33853
01/08/2014 08:19:00,1.33851
01/08/2014 08:20:00,1.33841
01/08/2014 08:21:00,1.3384
01/08/2014 08:22:00,1.33832
01/08/2014 08:23:00,1.33828
01/08/2014 08:24:00,1.33826
01/08/2014 08:25:00,1.33824
01/08/2014 08:26:00,1.3381
01/08/2014 08:27:00,1.33807
01/08/2014 08:28:00,1.33806
01/08/2014 08:29:00,1.33814
01/08/2014 08:30:00,1.3382
01/08/2014 08:31:00,1.33825
01/08/2014 08:32:00,1.33824
01/08/2014 08:33:00,1.33827
01/08/2014 08:34:00,1.33827
01/08/2014 08:35:00,1.33828
01/08/2014 08:36:00,1.33811
01/08/2014 08:37:00,1.33808
01/08/2014 08:38:00,1.33815
01/08/2014 08:39:00,1.33821
01/08/2014 08:40:00,1.33826
01/08/2014 08:41:00,1.33818
01/08/2014 08:42:00,1.33801
01/08/2014 08:43:00,1.33808
01/08/2014 08:44:00,1.33808
01/08/2014 08:45:00,1.33813
01/08/2014 08:46:00,1.33805
01/08/2014 08:47:00,1.3381
01/08/2014 08:48:00,1.33797
01/08/2014 08:49:00,1.33797
01/08/2014 08:50:00,1.33806
01/08/2014 08:51:00,1.33811
01/08/2014 08:52:00,1.3381
01/08/2014 08:53:00,1.33809
01/08/2014 08:54:00,1.33806
01/08/2014 08:55:00,1.33796
01/08/2014 08:56:00,1.33789
01/08/2014 08:57:00,1.33776
01/08/2014 08:58:00,1.33795
01/08/2014 08:59:00,1.33796
01/08/2014 09:00:00,1.33796
01/08/2014 09:01:00,1.33795
01/08/2014 09:02:00,1.33808
01/08/2014 09:03:00,1.33812
01/08/2014 09:04:00,1.33809
01/08/2014 09:05:00,1.33807
01/08/2014 09:06:00,1.33814
01/08/2014 09:07:00,1.3382
01/08/2014 09:08:00,1.33815
01/08/2014 09:09:00,1.33795
01/08/2014 09:10:00,1.33795
01/08/2014 09:11:00,1.33797
01/08/2014 09:12:00,1.33807
01/08/2014 09:13:00,1.33807
01/08/2014 09:14:00,1.3383
01/08/2014 09:15:00,1.33831
01/08/2014 09:16:00,1.33826
01/08/2014 09:17:00,1.33834
01/08/2014 09:18:00,1.33835
01/08/2014 09:19:00,1.33813
01/08/2014 09:20:00,1.33815
01/08/2014 09:21:00,1.33829
01/08/2014 09:22:00,1.33828
01/08/2014 09:23:00,1.33838
01/08/2014 09:24:00,1.33844
01/08/2014 09:25:00,1.33848
01/08/2014 09:26:00,1.33837
01/08/2014 09:27:00,1.33838
01/08/2014 09:28:00,1.33835
01/08/2014 09:29:00,1.33839
01/08/2014 09:30:00,1.33836
01/08/2014 09:31:00,1.33855
01/08/2014 09:32:00,1.33863
01/08/2014 09:33:00,1.33834
01/08/2014 09:34:00,1.3383
01/08/2014 09:35:00,1.33823
01/08/2014 09:36:00,1.33814
01/08/2014 09:37:00,1.33798
01/08/2014 09:38:00,1.33819
01/08/2014 09:39:00,1.33829
01/08/2014 09:40:00,1.33832
01/08/2014 09:41:00,1.33836
01/08/2014 09:42:00,1.33826
01/08/2014 09:43:00,1.33839
01/08/2014 09:44:00,1.33858
01/08/2014 09:45:00,1.33859
01/08/2014 09:46:00,1.33864
01/08/2014 09:47:00,1.33857
01/08/2014 09:48:00,1.33865
01/08/2014 09:49:00,1.33898
01/08/2014 09:50:00,1.339
01/08/2014 09:51:00,1.33889
01/08/2014 09:52:00,1.33903
01/08/2014 09:53:00,1.33902
01/08/2014 09:54:00,1.33897
01/08/2014 09:55:00,1.33873
01/08/2014 09:56:00,1.33868
01/08/2014 09:57:00,1.33866
01/08/2014 09:58:00,1.33897
01/08/2014 09:59:00,1.33903
01/08/2014 10:00:00,1.33899
01/08/2014 10:01:00,1.33889
01/08/2014 10:02:00,1.33876
01/08/2014 10:03:00,1.33881
01/08/2014 10:04:00,1.33889
01/08/2014 10:05:00,1.33888
01/08/2014 10:06:00,1.33881
01/08/2014 10:07:00,1.33884
01/08/2014 10:08:00,1.33884
01/08/2014 10:09:00,1.33885
01/08/2014 10:10:00,1.3388
01/08/2014 10:11:00,1.33873
01/08/2014 10:12:00,1.33884
01/08/2014 10:13:00,1.3387
01/08/2014 10:14:00,1.3387
01/08/2014 10:15:00,1.33869
01/08/2014 10:16:00,1.33866
01/08/2014 10:17:00,1.33877
01/08/2014 10:18:00,1.33891
01/08/2014 10:19:00,1.33885
01/08/2014 10:20:00,1.33897
01/08/2014 10:21:00,1.33893
01/08/2014 10:22:00,1.339
01/08/2014 10:23:00,1.33907
01/08/2014 10:24:00,1.33918
01/08/2014 10:25:00,1.33903
01/08/2014 10:26:00,1.3391
01/08/2014 10:27:00,1.33906
01/08/2014 10:28:00,1.339
01/08/2014 10:29:00,1.3391
01/08/2014 10:30:00,1.33919
01/08/2014 10:31:00,1.33923
01/08/2014 10:32:00,1.33917
01/08/2014 10:33:00,1.33906
01/08/2014 10:34:00,1.33928
01/08/2014 10:35:00,1.33935
01/08/2014 10:36:00,1.33937
01/08/2014 10:37:00,1.33936
01/08/2014 10:38:00,1.33948
01/08/2014 10:39:00,1.33935
01/08/2014 10:40:00,1.33926
01/08/2014 10:41:00,1.33918
01/08/2014 10:42:00,1.33917
01/08/2014 10:43:00,1.33923
01/08/2014 10:44:00,1.33929
01/08/2014 10:45:00,1.33923
01/08/2014 10:46:00,1.33921
01/08/2014 10:47:00,1.33927
01/08/2014 10:48:00,1.33937
01/08/2014 10:49:00,1.33929
01/08/2014 10:50:00,1.33923
01/08/2014 10:51:00,1.33916
01/08/2014 10:52:00,1.33919
01/08/2014 10:53:00,1.33917
01/08/2014 10:54:00,1.33903
01/08/2014 10:55:00,1.33905
01/08/2014 10:56:00,1.33904
01/08/2014 10:57:00,1.33916
01/08/2014 10:58:00,1.33931
01/08/2014 10:59:00,1.33933
01/08/2014 11:00:00,1.33937
01/08/2014 11:01:00,1.33935
01/08/2014 11:02:00,1.33948
01/08/2014 11:03:00,1.33939
01/08/2014 11:04:00,1.33951
01/08/2014 11:05:00,1.33931
01/08/2014 11:06:00,1.33939
01/08/2014 11:07:00,1.33944
01/08/2014 11:08:00,1.33947
01/08/2014 11:09:00,1.33966
01/08/2014 11:10:00,1.33962
01/08/2014 11:11:00,1.33977
01/08/2014 11:12:00,1.33971
01/08/2014 11:13:00,1.33978
01/08/2014 11:14:00,1.33982
01/08/2014 11:15:00,1.33973
01/08/2014 11:16:00,1.33983
01/08/2014 11:17:00,1.33981
01/08/2014 11:18:00,1.33985
01/08/2014 11:19:00,1.33986
01/08/2014 11:20:00,1.33988
01/08/2014 11:21:00,1.33989
01/08/2014 11:22:00,1.33979
01/08/2014 11:23:00,1.33978
01/08/2014 11:24:00,1.33968
01/08/2014 11:25:00,1.3397
01/08/2014 11:26:00,1.33965
01/08/2014 11:27:00,1.33968
01/08/2014 11:28:00,1.33963
01/08/2014 11:29:00,1.33958
01/08/2014 11:30:00,1.33958
01/08/2014 11:31:00,1.3396
01/08/2014 11:32:00,1.33966
01/08/2014 11:33:00,1.33976
01/08/2014 11:34:00,1.33978
01/08/2014 11:35:00,1.3398
01/08/2014 11:36:00,1.33976
01/08/2014 11:37:00,1.33986
01/08/2014 11:38:00,1.33977
01/08/2014 11:39:00,1.33976
01/08/2014 11:40:00,1.33985
01/08/2014 11:41:00,1.33983
01/08/2014 11:42:00,1.33985
01/08/2014 11:43:00,1.33983
01/08/2014 11:44:00,1.33981
01/08/2014 11:45:00,1.33974
01/08/2014 11:46:00,1.33973
01/08/2014 11:47:00,1.33967
01/08/2014 11:48:00,1.33975
01/08/2014 11:49:00,1.33974
01/08/2014 11:50:00,1.33983
01/08/2014 11:51:00,1.33991
01/08/2014 11:52:00,1.33996
01/08/2014 11:53:00,1.33996
01/08/2014 11:54:00,1.33979
01/08/2014 11:55:00,1.33985
01/08/2014 11:56:00,1.33993
01/08/2014 11:57:00,1.33983
01/08/2014 11:58:00,1.33976
01/08/2014 11:59:00,1.33965
01/08/2014 12:00:00,1.33946
01/08/2014 12:01:00,1.33943
01/08/2014 12:02:00,1.33949
01/08/2014 12:03:00,1.33953
01/08/2014 12:04:00,1.33952
01/08/2014 12:05:00,1.33952
01/08/2014 12:06:00,1.33954
01/08/2014 12:07:00,1.33961
01/08/2014 12:08:00,1.33955
01/08/2014 12:09:00,1.33952
01/08/2014 12:10:00,1.33956
01/08/2014 12:11:00,1.33953
01/08/2014 12:12:00,1.33949
01/08/2014 12:13:00,1.33945
01/08/2014 12:14:00,1.33927
01/08/2014 12:15:00,1.3393
01/08/2014 12:16:00,1.33936
01/08/2014 12:17:00,1.33944
01/08/2014 12:18:00,1.33937
01/08/2014 12:19:00,1.33924
01/08/2014 12:20:00,1.33928
01/08/2014 12:21:00,1.33916
01/08/2014 12:22:00,1.33926
01/08/2014 12:23:00,1.33938
01/08/2014 12:24:00,1.3394
01/08/2014 12:25:00,1.33929
01/08/2014 12:26:00,1.3393
01/08/2014 12:27:00,1.33928
01/08/2014 12:28:00,1.33916
01/08/2014 12:29:00,1.33916
01/08/2014 12:30:00,1.33917
01/08/2014 12:31:00,1.33917
01/08/2014 12:32:00,1.33927
01/08/2014 12:33:00,1.33912
01/08/2014 12:34:00,1.33916
01/08/2014 12:35:00,1.33917
01/08/2014 12:36:00,1.33916
01/08/2014 12:37:00,1.3391
01/08/2014 12:38:00,1.33908
01/08/2014 12:39:00,1.33906
01/08/2014 12:40:00,1.33906
01/08/2014 12:41:00,1.33905
01/08/2014 12:42:00,1.33907
01/08/2014 12:43:00,1.3391
01/08/2014 12:44:00,1.33925
01/08/2014 12:45:00,1.33927
01/08/2014 12:46:00,1.3395
01/08/2014 12:47:00,1.33947
01/08/2014 12:48:00,1.3397
01/08/2014 12:49:00,1.33974
01/08/2014 12:50:00,1.3397
01/08/2014 12:51:00,1.33958
01/08/2014 12:52:00,1.33967
01/08/2014 12:53:00,1.33978
01/08/2014 12:54:00,1.33977
01/08/2014 12:55:00,1.33978
01/08/2014 12:56:00,1.33978
01/08/2014 12:57:00,1.33978
01/08/2014 12:58:00,1.33983
01/08/2014 12:59:00,1.33979
01/08/2014 13:00:00,1.33981
01/08/2014 13:01:00,1.33983
01/08/2014 13:02:00,1.33986
01/08/2014 13:03:00,1.33989
01/08/2014 13:04:00,1.33988
01/08/2014 13:05:00,1.33979
01/08/2014 13:06:00,1.33981
01/08/2014 13:07:00,1.33998
01/08/2014 13:08:00,1.34018
01/08/2014 13:09:00,1.33999
01/08/2014 13:10:00,1.34019
01/08/2014 13:11:00,1.33984
01/08/2014 13:12:00,1.33983
01/08/2014 13:13:00,1.33955
01/08/2014 13:14:00,1.33946
01/08/2014 13:15:00,1.33937
01/08/2014 13:16:00,1.33935
01/08/2014 13:17:00,1.33937
01/08/2014 13:18:00,1.33941
01/08/2014 13:19:00,1.3394
01/08/2014 13:20:00,1.33917
01/08/2014 13:21:00,1.33908
01/08/2014 13:22:00,1.33906
01/08/2014 13:23:00,1.33909
01/08/2014 13:24:00,1.33909
01/08/2014 13:25:00,1.33907
01/08/2014 13:26:00,1.33897
01/08/2014 13:27:00,1.33908
01/08/2014 13:28:00,1.33913
01/08/2014 13:29:00,1.33915
01/08/2014 13:30:00,1.33948
01/08/2014 13:31:00,1.34287
01/08/2014 13:32:00,1.34146
01/08/2014 13:33:00,1.34214
01/08/2014 13:34:00,1.34156
01/08/2014 13:35:00,1.3406
01/08/2014 13:36:00,1.34114
01/08/2014 13:37:00,1.34098
01/08/2014 13:38:00,1.34051
01/08/2014 13:39:00,1.3404
01/08/2014 13:40:00,1.34068
01/08/2014 13:41:00,1.33932
01/08/2014 13:42:00,1.33931
01/08/2014 13:43:00,1.33851
01/08/2014 13:44:00,1.33879
01/08/2014 13:45:00,1.33924
01/08/2014 13:46:00,1.33942
01/08/2014 13:47:00,1.33929
01/08/2014 13:48:00,1.33861
01/08/2014 13:49:00,1.33882
01/08/2014 13:50:00,1.33921
01/08/2014 13:51:00,1.33926
01/08/2014 13:52:00,1.33959
01/08/2014 13:53:00,1.34012
01/08/2014 13:54:00,1.34025
01/08/2014 13:55:00,1.34038
01/08/2014 13:56:00,1.34073
01/08/2014 13:57:00,1.3414
01/08/2014 13:58:00,1.34188
01/08/2014 13:59:00,1.34166
01/08/2014 14:00:00,1.34146
01/08/2014 14:01:00,1.34225
01/08/2014 14:02:00,1.34255
01/08/2014 14:03:00,1.34255
01/08/2014 14:04:00,1.34264
01/08/2014 14:05:00,1.34243
01/08/2014 14:06:00,1.34235
01/08/2014 14:07:00,1.34284
01/08/2014 14:08:00,1.34244
01/08/2014 14:09:00,1.34225
01/08/2014 14:10:00,1.34203
01/08/2014 14:11:00,1.34186
01/08/2014 14:12:00,1.34134
01/08/2014 14:13:00,1.34128
01/08/2014 14:14:00,1.34127
01/08/2014 14:15:00,1.34126
01/08/2014 14:16:00,1.34156
01/08/2014 14:17:00,1.34156
01/08/2014 14:18:00,1.34157
01/08/2014 14:19:00,1.34178
01/08/2014 14:20:00,1.34155
01/08/2014 14:21:00,1.34166
01/08/2014 14:22:00,1.34183
01/08/2014 14:23:00,1.34186
01/08/2014 14:24:00,1.34186
01/08/2014 14:25:00,1.3421
01/08/2014 14:26:00,1.34227
01/08/2014 14:27:00,1.34234
01/08/2014 14:28:00,1.34207
01/08/2014 14:29:00,1.34203
01/08/2014 14:30:00,1.34183
01/08/2014 14:31:00,1.3418
01/08/2014 14:32:00,1.34183
01/08/2014 14:33:00,1.3418
01/08/2014 14:34:00,1.34173
01/08/2014 14:35:00,1.34156
01/08/2014 14:36:00,1.34145
01/08/2014 14:37:00,1.34156
01/08/2014 14:38:00,1.34153
01/08/2014 14:39:00,1.34148
01/08/2014 14:40:00,1.34134
01/08/2014 14:41:00,1.34141
01/08/2014 14:42:00,1.34138
01/08/2014 14:43:00,1.34131
01/08/2014 14:44:00,1.34112
01/08/2014 14:45:00,1.34108
01/08/2014 14:46:00,1.34114
01/08/2014 14:47:00,1.3412
01/08/2014 14:48:00,1.34108
01/08/2014 14:49:00,1.34097
01/08/2014 14:50:00,1.34098
01/08/2014 14:51:00,1.34111
01/08/2014 14:52:00,1.34118
01/08/2014 14:53:00,1.34118
01/08/2014 14:54:00,1.34141
01/08/2014 14:55:00,1.34141
01/08/2014 14:56:00,1.3415
01/08/2014 14:57:00,1.34145
01/08/2014 14:58:00,1.3415
01/08/2014 14:59:00,1.34172
01/08/2014 15:00:00,1.34166
01/08/2014 15:01:00,1.3412
01/08/2014 15:02:00,1.34114
01/08/2014 15:03:00,1.34075
01/08/2014 15:04:00,1.34067
01/08/2014 15:05:00,1.34084
01/08/2014 15:06:00,1.34102
01/08/2014 15:07:00,1.34125
01/08/2014 15:08:00,1.34108
01/08/2014 15:09:00,1.34105
01/08/2014 15:10:00,1.34117
01/08/2014 15:11:00,1.34106
01/08/2014 15:12:00,1.34159
01/08/2014 15:13:00,1.34157
01/08/2014 15:14:00,1.34224
01/08/2014 15:15:00,1.34236
01/08/2014 15:16:00,1.34236
01/08/2014 15:17:00,1.34268
01/08/2014 15:18:00,1.34267
01/08/2014 15:19:00,1.34239
01/08/2014 15:20:00,1.34236
01/08/2014 15:21:00,1.34244
01/08/2014 15:22:00,1.34246
01/08/2014 15:23:00,1.34239
01/08/2014 15:24:00,1.34245
01/08/2014 15:25:00,1.34247
01/08/2014 15:26:00,1.34239
01/08/2014 15:27:00,1.34239
01/08/2014 15:28:00,1.34245
01/08/2014 15:29:00,1.34223
01/08/2014 15:30:00,1.34211
01/08/2014 15:31:00,1.34211
01/08/2014 15:32:00,1.34207
01/08/2014 15:33:00,1.34192
01/08/2014 15:34:00,1.34208
01/08/2014 15:35:00,1.34222
01/08/2014 15:36:00,1.34235
01/08/2014 15:37:00,1.34241
01/08/2014 15:38:00,1.34244
01/08/2014 15:39:00,1.34249
01/08/2014 15:40:00,1.34246
01/08/2014 15:41:00,1.34249
01/08/2014 15:42:00,1.34254
01/08/2014 15:43:00,1.34275
01/08/2014 15:44:00,1.34307
01/08/2014 15:45:00,1.34335
01/08/2014 15:46:00,1.34355
01/08/2014 15:47:00,1.34349
01/08/2014 15:48:00,1.34351
01/08/2014 15:49:00,1.34358
01/08/2014 15:50:00,1.344
01/08/2014 15:51:00,1.34415
01/08/2014 15:52:00,1.34402
01/08/2014 15:53:00,1.34413
01/08/2014 15:54:00,1.344
01/08/2014 15:55:00,1.34352
01/08/2014 15:56:00,1.34354
01/08/2014 15:57:00,1.34337
01/08/2014 15:58:00,1.34332
01/08/2014 15:59:00,1.34333
01/08/2014 16:00:00,1.34274
01/08/2014 16:01:00,1.34297
01/08/2014 16:02:00,1.34275
01/08/2014 16:03:00,1.34292
01/08/2014 16:04:00,1.34302
01/08/2014 16:05:00,1.34304
01/08/2014 16:06:00,1.34298
01/08/2014 16:07:00,1.34298
01/08/2014 16:08:00,1.34286
01/08/2014 16:09:00,1.34298
01/08/2014 16:10:00,1.3432
01/08/2014 16:11:00,1.34294
01/08/2014 16:12:00,1.3429
01/08/2014 16:13:00,1.34283
01/08/2014 16:14:00,1.34282
01/08/2014 16:15:00,1.34247
01/08/2014 16:16:00,1.3425
01/08/2014 16:17:00,1.34289
01/08/2014 16:18:00,1.34267
01/08/2014 16:19:00,1.34276
01/08/2014 16:20:00,1.3429
01/08/2014 16:21:00,1.3429
01/08/2014 16:22:00,1.34295
01/08/2014 16:23:00,1.34298
01/08/2014 16:24:00,1.3425
01/08/2014 16:25:00,1.34249
01/08/2014 16:26:00,1.34248
01/08/2014 16:27:00,1.34248
01/08/2014 16:28:00,1.34265
01/08/2014 16:29:00,1.34266
01/08/2014 16:30:00,1.34278
01/08/2014 16:31:00,1.34288
01/08/2014 16:32:00,1.34278
01/08/2014 16:33:00,1.34269
01/08/2014 16:34:00,1.34277
01/08/2014 16:35:00,1.34275
01/08/2014 16:36:00,1.3428
01/08/2014 16:37:00,1.34293
01/08/2014 16:38:00,1.34278
01/08/2014 16:39:00,1.34301
01/08/2014 16:40:00,1.34303
01/08/2014 16:41:00,1.34303
01/08/2014 16:42:00,1.34299
01/08/2014 16:43:00,1.34311
01/08/2014 16:44:00,1.34329
01/08/2014 16:45:00,1.3432
01/08/2014 16:46:00,1.34311
01/08/2014 16:47:00,1.34327
01/08/2014 16:48:00,1.34328
01/08/2014 16:49:00,1.34323
01/08/2014 16:50:00,1.34329
01/08/2014 16:51:00,1.34358
01/08/2014 16:52:00,1.34342
01/08/2014 16:53:00,1.34338
01/08/2014 16:54:00,1.34354
01/08/2014 16:55:00,1.34363
01/08/2014 16:56:00,1.34394
01/08/2014 16:57:00,1.34389
01/08/2014 16:58:00,1.34384
01/08/2014 16:59:00,1.34379
01/08/2014 17:00:00,1.34344
01/08/2014 17:01:00,1.34312
01/08/2014 17:02:00,1.34293
01/08/2014 17:03:00,1.34282
01/08/2014 17:04:00,1.34284
01/08/2014 17:05:00,1.34288
01/08/2014 17:06:00,1.34291
01/08/2014 17:07:00,1.34297
01/08/2014 17:08:00,1.34296
01/08/2014 17:09:00,1.34304
01/08/2014 17:10:00,1.34306
01/08/2014 17:11:00,1.34299
01/08/2014 17:12:00,1.34311
01/08/2014 17:13:00,1.34294
01/08/2014 17:14:00,1.34291
01/08/2014 17:15:00,1.34292
01/08/2014 17:16:00,1.34274
01/08/2014 17:17:00,1.34275
01/08/2014 17:18:00,1.34274
01/08/2014 17:19:00,1.3427
01/08/2014 17:20:00,1.34281
01/08/2014 17:21:00,1.34279
01/08/2014 17:22:00,1.34257
01/08/2014 17:23:00,1.34264
01/08/2014 17:24:00,1.34289
01/08/2014 17:25:00,1.3428
01/08/2014 17:26:00,1.3428
01/08/2014 17:27:00,1.34288
01/08/2014 17:28:00,1.34289
01/08/2014 17:29:00,1.34284
01/08/2014 17:30:00,1.34277
01/08/2014 17:31:00,1.34277
01/08/2014 17:32:00,1.34274
01/08/2014 17:33:00,1.3428
01/08/2014 17:34:00,1.34277
01/08/2014 17:35:00,1.34275
01/08/2014 17:36:00,1.34285
01/08/2014 17:37:00,1.34275
01/08/2014 17:38:00,1.34287
01/08/2014 17:39:00,1.34307
01/08/2014 17:40:00,1.34289
01/08/2014 17:41:00,1.34305
01/08/2014 17:42:00,1.3432
01/08/2014 17:43:00,1.3431
01/08/2014 17:44:00,1.34315
01/08/2014 17:45:00,1.34318
01/08/2014 17:46:00,1.3432
01/08/2014 17:47:00,1.34325
01/08/2014 17:48:00,1.34323
01/08/2014 17:49:00,1.34312
01/08/2014 17:50:00,1.34315
01/08/2014 17:51:00,1.34317
01/08/2014 17:52:00,1.34295
01/08/2014 17:53:00,1.34285
01/08/2014 17:54:00,1.34296
01/08/2014 17:55:00,1.34287
01/08/2014 17:56:00,1.34285
01/08/2014 17:57:00,1.343
01/08/2014 17:58:00,1.34285
01/08/2014 17:59:00,1.34298
01/08/2014 18:00:00,1.34302
01/08/2014 18:01:00,1.34309
01/08/2014 18:02:00,1.343
01/08/2014 18:03:00,1.34299
01/08/2014 18:04:00,1.34299
01/08/2014 18:05:00,1.34294
01/08/2014 18:06:00,1.34295
01/08/2014 18:07:00,1.34306
01/08/2014 18:08:00,1.34301
01/08/2014 18:09:00,1.343
01/08/2014 18:10:00,1.3431
01/08/2014 18:11:00,1.34313
01/08/2014 18:12:00,1.34308
01/08/2014 18:13:00,1.34311
01/08/2014 18:14:00,1.34314
01/08/2014 18:15:00,1.34307
01/08/2014 18:16:00,1.34296
01/08/2014 18:17:00,1.34295
01/08/2014 18:18:00,1.34295
01/08/2014 18:19:00,1.34285
01/08/2014 18:20:00,1.34279
01/08/2014 18:21:00,1.3429
01/08/2014 18:22:00,1.34297
01/08/2014 18:23:00,1.34292
01/08/2014 18:24:00,1.34302
01/08/2014 18:25:00,1.343
01/08/2014 18:26:00,1.3431
01/08/2014 18:27:00,1.3432
01/08/2014 18:28:00,1.3432
01/08/2014 18:29:00,1.34303
01/08/2014 18:30:00,1.34291
01/08/2014 18:31:00,1.34285
01/08/2014 18:32:00,1.3429
01/08/2014 18:33:00,1.34287
01/08/2014 18:34:00,1.34282
01/08/2014 18:35:00,1.34275
01/08/2014 18:36:00,1.34274
01/08/2014 18:37:00,1.34275
01/08/2014 18:38:00,1.34267
01/08/2014 18:39:00,1.34268
01/08/2014 18:40:00,1.34253
01/08/2014 18:41:00,1.34262
01/08/2014 18:42:00,1.3427
01/08/2014 18:43:00,1.3428
01/08/2014 18:44:00,1.34271
01/08/2014 18:45:00,1.3427
01/08/2014 18:46:00,1.3427
01/08/2014 18:47:00,1.3428
01/08/2014 18:48:00,1.3427
01/08/2014 18:49:00,1.3426
01/08/2014 18:50:00,1.34256
01/08/2014 18:51:00,1.3426
01/08/2014 18:52:00,1.3427
01/08/2014 18:53:00,1.34269
01/08/2014 18:54:00,1.34263
01/08/2014 18:55:00,1.3426
01/08/2014 18:56:00,1.34263
01/08/2014 18:57:00,1.34264
01/08/2014 18:58:00,1.34256
01/08/2014 18:59:00,1.34262
01/08/2014 19:00:00,1.34255
01/08/2014 19:01:00,1.34258
01/08/2014 19:02:00,1.34255
01/08/2014 19:03:00,1.34256
01/08/2014 19:04:00,1.34251
01/08/2014 19:05:00,1.34261
01/08/2014 19:06:00,1.34266
01/08/2014 19:07:00,1.34271
01/08/2014 19:08:00,1.34272
01/08/2014 19:09:00,1.34288
01/08/2014 19:10:00,1.34285
01/08/2014 19:11:00,1.343
01/08/2014 19:12:00,1.34275
01/08/2014 19:13:00,1.34278
01/08/2014 19:14:00,1.34288
01/08/2014 19:15:00,1.34293
01/08/2014 19:16:00,1.34313
01/08/2014 19:17:00,1.34319
01/08/2014 19:18:00,1.3431
01/08/2014 19:19:00,1.34311
01/08/2014 19:20:00,1.3431
01/08/2014 19:21:00,1.3431
01/08/2014 19:22:00,1.34318
01/08/2014 19:23:00,1.34305
01/08/2014 19:24:00,1.34298
01/08/2014 19:25:00,1.34296
01/08/2014 19:26:00,1.34289
01/08/2014 19:27:00,1.3429
01/08/2014 19:28:00,1.34291
01/08/2014 19:29:00,1.34296
01/08/2014 19:30:00,1.34296
01/08/2014 19:31:00,1.3429
01/08/2014 19:32:00,1.34292
01/08/2014 19:33:00,1.34294
01/08/2014 19:34:00,1.3429
01/08/2014 19:35:00,1.34293
01/08/2014 19:36:00,1.34292
01/08/2014 19:37:00,1.3429
01/08/2014 19:38:00,1.3429
01/08/2014 19:39:00,1.3429
01/08/2014 19:40:00,1.3429
01/08/2014 19:41:00,1.3429
01/08/2014 19:42:00,1.3428
01/08/2014 19:43:00,1.3428
01/08/2014 19:44:00,1.3428
01/08/2014 19:45:00,1.34277
01/08/2014 19:46:00,1.3427
01/08/2014 19:47:00,1.3426
01/08/2014 19:48:00,1.3426
01/08/2014 19:49:00,1.3427
01/08/2014 19:50:00,1.34262
01/08/2014 19:51:00,1.3427
01/08/2014 19:52:00,1.34272
01/08/2014 19:53:00,1.3427
01/08/2014 19:54:00,1.34273
01/08/2014 19:55:00,1.34263
01/08/2014 19:56:00,1.34262
01/08/2014 19:57:00,1.34258
01/08/2014 19:58:00,1.34275
01/08/2014 19:59:00,1.34278
01/08/2014 20:00:00,1.34273
01/08/2014 20:01:00,1.34274
01/08/2014 20:02:00,1.34271
01/08/2014 20:03:00,1.34271
01/08/2014 20:05:00,1.34272
01/08/2014 20:06:00,1.34266
01/08/2014 20:07:00,1.34265
01/08/2014 20:08:00,1.34267
01/08/2014 20:09:00,1.34257
01/08/2014 20:10:00,1.34247
01/08/2014 20:11:00,1.34258
01/08/2014 20:12:00,1.3425
01/08/2014 20:13:00,1.34244
01/08/2014 20:14:00,1.34245
01/08/2014 20:15:00,1.34246
01/08/2014 20:16:00,1.34252
01/08/2014 20:17:00,1.34246
01/08/2014 20:18:00,1.34247
01/08/2014 20:19:00,1.3422
01/08/2014 20:20:00,1.34221
01/08/2014 20:21:00,1.34223
01/08/2014 20:22:00,1.34233
01/08/2014 20:23:00,1.34232
01/08/2014 20:24:00,1.34232
01/08/2014 20:25:00,1.34223
01/08/2014 20:26:00,1.34231
01/08/2014 20:27:00,1.34233
01/08/2014 20:28:00,1.34229
01/08/2014 20:29:00,1.34232
01/08/2014 20:30:00,1.34232
01/08/2014 20:31:00,1.3423
01/08/2014 20:32:00,1.34235
01/08/2014 20:33:00,1.34236
01/08/2014 20:34:00,1.34228
01/08/2014 20:35:00,1.34231
01/08/2014 20:36:00,1.34236
01/08/2014 20:37:00,1.34236
01/08/2014 20:38:00,1.34238
01/08/2014 20:39:00,1.34241
01/08/2014 20:40:00,1.34231
01/08/2014 20:41:00,1.34232
01/08/2014 20:42:00,1.34232
01/08/2014 20:43:00,1.34231
01/08/2014 20:44:00,1.34231
01/08/2014 20:45:00,1.34228
01/08/2014 20:46:00,1.34231
01/08/2014 20:47:00,1.34225
01/08/2014 20:48:00,1.3423
01/08/2014 20:49:00,1.3423
01/08/2014 20:50:00,1.3423
01/08/2014 20:51:00,1.34229
01/08/2014 20:52:00,1.34232
01/08/2014 20:53:00,1.3422
01/08/2014 20:54:00,1.3422
01/08/2014 20:55:00,1.34221
01/08/2014 20:56:00,1.34224
01/08/2014 20:57:00,1.34229
01/08/2014 20:58:00,1.34228
01/08/2014 20:59:00,1.34225
01/08/2014 21:00:00,1.3421
01/08/2014 21:01:00,1.3421
01/08/2014 21:02:00,1.34219
01/08/2014 21:03:00,1.34219
01/08/2014 21:04:00,1.34218
01/08/2014 21:05:00,1.34221
01/08/2014 21:06:00,1.3422
01/08/2014 21:07:00,1.34226
01/08/2014 21:08:00,1.3423
01/08/2014 21:09:00,1.3423
01/08/2014 21:10:00,1.3423
01/08/2014 21:11:00,1.3423
01/08/2014 21:12:00,1.34231
01/08/2014 21:13:00,1.34231
01/08/2014 21:14:00,1.34231
01/08/2014 21:15:00,1.34226
01/08/2014 21:16:00,1.34225
01/08/2014 21:17:00,1.34223
01/08/2014 21:18:00,1.34223
01/08/2014 21:19:00,1.34224
01/08/2014 21:20:00,1.34223
01/08/2014 21:21:00,1.34224
01/08/2014 21:22:00,1.34224
01/08/2014 21:23:00,1.34222
01/08/2014 21:24:00,1.34222
01/08/2014 21:25:00,1.34225
01/08/2014 21:26:00,1.34234
01/08/2014 21:27:00,1.34236
01/08/2014 21:28:00,1.34235
01/08/2014 21:29:00,1.34236
01/08/2014 21:30:00,1.34232
01/08/2014 21:31:00,1.34232
01/08/2014 21:32:00,1.34248
01/08/2014 21:33:00,1.34252
01/08/2014 21:34:00,1.34251
01/08/2014 21:35:00,1.3425
01/08/2014 21:36:00,1.34257
01/08/2014 21:37:00,1.34263
01/08/2014 21:38:00,1.34265
01/08/2014 21:39:00,1.3427
01/08/2014 21:40:00,1.34271
01/08/2014 21:41:00,1.34271
01/08/2014 21:42:00,1.34271
01/08/2014 21:43:00,1.34269
01/08/2014 21:44:00,1.3427
01/08/2014 21:45:00,1.34269
01/08/2014 21:46:00,1.34269
01/08/2014 21:47:00,1.34272
01/08/2014 21:48:00,1.34288
01/08/2014 21:49:00,1.34275
01/08/2014 21:50:00,1.34268
01/08/2014 21:51:00,1.34275
01/08/2014 21:52:00,1.34274
01/08/2014 21:53:00,1.34273
01/08/2014 21:54:00,1.34269
01/08/2014 21:55:00,1.34261
01/08/2014 21:56:00,1.34262
01/08/2014 21:57:00,1.34272
01/08/2014 21:58:00,1.34295
01/08/2014 21:59:00,1.34268
01/08/2014 22:00:00,1.34268
03/08/2014 22:01:00,1.34278
03/08/2014 22:02:00,1.34278
03/08/2014 22:03:00,1.34303
03/08/2014 22:04:00,1.34302
03/08/2014 22:05:00,1.34301
03/08/2014 22:06:00,1.34296
03/08/2014 22:07:00,1.3427
03/08/2014 22:08:00,1.34265
03/08/2014 22:09:00,1.34267
03/08/2014 22:10:00,1.34265
03/08/2014 22:11:00,1.34272
03/08/2014 22:12:00,1.34257
03/08/2014 22:13:00,1.34252
03/08/2014 22:14:00,1.34243
03/08/2014 22:15:00,1.34252
03/08/2014 22:16:00,1.34245
03/08/2014 22:17:00,1.34259
03/08/2014 22:18:00,1.34258
03/08/2014 22:19:00,1.34253
03/08/2014 22:21:00,1.34253
03/08/2014 22:22:00,1.34252
03/08/2014 22:23:00,1.3425
03/08/2014 22:24:00,1.34253
03/08/2014 22:25:00,1.34251
03/08/2014 22:26:00,1.34253
03/08/2014 22:27:00,1.34254
03/08/2014 22:28:00,1.34256
03/08/2014 22:29:00,1.34253
03/08/2014 22:30:00,1.34256
03/08/2014 22:31:00,1.3426
03/08/2014 22:32:00,1.34266
03/08/2014 22:33:00,1.34265
03/08/2014 22:34:00,1.34266
03/08/2014 22:35:00,1.34264
03/08/2014 22:36:00,1.34266
03/08/2014 22:37:00,1.34265
03/08/2014 22:38:00,1.34265
03/08/2014 22:39:00,1.34265
03/08/2014 22:40:00,1.34263
03/08/2014 22:41:00,1.34265
03/08/2014 22:42:00,1.34265
03/08/2014 22:43:00,1.34267
03/08/2014 22:44:00,1.34267
03/08/2014 22:45:00,1.34266
03/08/2014 22:46:00,1.34263
03/08/2014 22:47:00,1.34265
03/08/2014 22:48:00,1.34263
03/08/2014 22:49:00,1.34265
03/08/2014 22:50:00,1.34264
03/08/2014 22:51:00,1.34265
03/08/2014 22:52:00,1.34266
03/08/2014 22:53:00,1.34265
03/08/2014 22:54:00,1.34265
03/08/2014 22:55:00,1.34265
03/08/2014 22:56:00,1.34266
03/08/2014 22:57:00,1.34267
03/08/2014 22:58:00,1.34264
03/08/2014 22:59:00,1.34263
03/08/2014 23:00:00,1.34263
03/08/2014 23:01:00,1.34246
03/08/2014 23:02:00,1.34247
03/08/2014 23:03:00,1.34245
03/08/2014 23:04:00,1.34243
03/08/2014 23:05:00,1.34245
03/08/2014 23:06:00,1.34245
03/08/2014 23:07:00,1.34245
03/08/2014 23:08:00,1.34243
03/08/2014 23:09:00,1.34247
03/08/2014 23:10:00,1.34247
03/08/2014 23:11:00,1.34251
03/08/2014 23:12:00,1.34239
03/08/2014 23:13:00,1.34249
03/08/2014 23:14:00,1.34247
03/08/2014 23:15:00,1.34246
03/08/2014 23:16:00,1.34245
03/08/2014 23:17:00,1.34244
03/08/2014 23:18:00,1.34239
03/08/2014 23:19:00,1.34238
03/08/2014 23:20:00,1.34242
03/08/2014 23:21:00,1.34242
03/08/2014 23:22:00,1.34242
03/08/2014 23:23:00,1.34238
03/08/2014 23:24:00,1.34238
03/08/2014 23:25:00,1.34235
03/08/2014 23:26:00,1.34225
03/08/2014 23:27:00,1.34226
03/08/2014 23:28:00,1.34227
03/08/2014 23:29:00,1.34226
03/08/2014 23:30:00,1.34223
03/08/2014 23:31:00,1.34223
03/08/2014 23:32:00,1.34223
03/08/2014 23:33:00,1.34224
03/08/2014 23:34:00,1.34227
03/08/2014 23:35:00,1.34227
03/08/2014 23:37:00,1.34229
03/08/2014 23:38:00,1.34236
03/08/2014 23:39:00,1.34235
03/08/2014 23:40:00,1.34235
03/08/2014 23:41:00,1.34233
03/08/2014 23:42:00,1.34233
03/08/2014 23:43:00,1.34226
03/08/2014 23:44:00,1.34228
03/08/2014 23:45:00,1.34226
03/08/2014 23:47:00,1.34229
03/08/2014 23:48:00,1.34226
03/08/2014 23:49:00,1.34227
03/08/2014 23:50:00,1.34227
03/08/2014 23:51:00,1.34226
03/08/2014 23:53:00,1.34223
03/08/2014 23:54:00,1.34223
03/08/2014 23:55:00,1.34224
03/08/2014 23:56:00,1.34225
03/08/2014 23:57:00,1.34225
03/08/2014 23:58:00,1.34225
03/08/2014 23:59:00,1.34239
04/08/2014 00:00:00,1.34235
04/08/2014 00:01:00,1.34235
04/08/2014 00:02:00,1.34235
04/08/2014 00:03:00,1.34235
04/08/2014 00:04:00,1.34235
04/08/2014 00:05:00,1.34236
04/08/2014 00:06:00,1.34237
04/08/2014 00:07:00,1.34238
04/08/2014 00:08:00,1.34239
04/08/2014 00:09:00,1.34244
04/08/2014 00:10:00,1.34246
04/08/2014 00:11:00,1.34246
04/08/2014 00:12:00,1.34245
04/08/2014 00:13:00,1.34244
04/08/2014 00:14:00,1.34245
04/08/2014 00:15:00,1.34245
04/08/2014 00:17:00,1.34245
04/08/2014 00:18:00,1.34245
04/08/2014 00:19:00,1.34246
04/08/2014 00:20:00,1.34246
04/08/2014 00:21:00,1.34245
04/08/2014 00:22:00,1.34243
04/08/2014 00:23:00,1.3424
04/08/2014 00:24:00,1.34241
04/08/2014 00:25:00,1.34241
04/08/2014 00:26:00,1.3424
04/08/2014 00:27:00,1.34244
04/08/2014 00:28:00,1.34245
04/08/2014 00:29:00,1.34244
04/08/2014 00:30:00,1.3424
04/08/2014 00:31:00,1.34239
04/08/2014 00:32:00,1.34238
04/08/2014 00:33:00,1.34244
04/08/2014 00:34:00,1.34244
04/08/2014 00:35:00,1.34245
04/08/2014 00:36:00,1.34246
04/08/2014 00:37:00,1.34246
04/08/2014 00:38:00,1.34245
04/08/2014 00:39:00,1.34253
04/08/2014 00:40:00,1.34255
04/08/2014 00:41:00,1.34256
04/08/2014 00:42:00,1.34264
04/08/2014 00:43:00,1.34265
04/08/2014 00:44:00,1.34266
04/08/2014 00:45:00,1.34265
04/08/2014 00:46:00,1.34264
04/08/2014 00:47:00,1.34265
04/08/2014 00:48:00,1.34265
04/08/2014 00:49:00,1.34265
04/08/2014 00:50:00,1.34267
04/08/2014 00:51:00,1.34263
04/08/2014 00:52:00,1.34268
04/08/2014 00:53:00,1.34268
04/08/2014 00:54:00,1.34268
04/08/2014 00:55:00,1.34267
04/08/2014 00:56:00,1.34267
04/08/2014 00:57:00,1.34269
04/08/2014 00:58:00,1.34268
04/08/2014 00:59:00,1.34268
04/08/2014 01:00:00,1.34268
04/08/2014 01:01:00,1.34268
04/08/2014 01:02:00,1.3428
04/08/2014 01:03:00,1.34279
04/08/2014 01:04:00,1.3428
04/08/2014 01:05:00,1.3428
04/08/2014 01:06:00,1.34281
04/08/2014 01:07:00,1.34279
04/08/2014 01:08:00,1.34281
04/08/2014 01:09:00,1.34278
04/08/2014 01:10:00,1.34273
04/08/2014 01:11:00,1.34274
04/08/2014 01:12:00,1.34274
04/08/2014 01:14:00,1.34279
04/08/2014 01:15:00,1.34279
04/08/2014 01:16:00,1.34276
04/08/2014 01:18:00,1.34278
04/08/2014 01:19:00,1.3428
04/08/2014 01:20:00,1.34277
04/08/2014 01:21:00,1.34266
04/08/2014 01:22:00,1.34268
04/08/2014 01:23:00,1.34273
04/08/2014 01:24:00,1.34275
04/08/2014 01:25:00,1.34276
04/08/2014 01:26:00,1.34276
04/08/2014 01:27:00,1.34278
04/08/2014 01:28:00,1.34282
04/08/2014 01:29:00,1.34287
04/08/2014 01:30:00,1.34286
04/08/2014 01:31:00,1.34286
04/08/2014 01:32:00,1.34287
04/08/2014 01:33:00,1.3429
04/08/2014 01:34:00,1.34289
04/08/2014 01:35:00,1.34287
04/08/2014 01:36:00,1.34284
04/08/2014 01:37:00,1.34284
04/08/2014 01:38:00,1.34281
04/08/2014 01:39:00,1.34276
04/08/2014 01:40:00,1.34281
04/08/2014 01:41:00,1.34279
04/08/2014 01:42:00,1.34279
04/08/2014 01:43:00,1.34265
04/08/2014 01:44:00,1.34265
04/08/2014 01:45:00,1.34263
04/08/2014 01:46:00,1.34263
04/08/2014 01:47:00,1.34264
04/08/2014 01:48:00,1.34263
04/08/2014 01:49:00,1.34264
04/08/2014 01:50:00,1.34264
04/08/2014 01:51:00,1.34265
04/08/2014 01:52:00,1.34265
04/08/2014 01:53:00,1.34265
04/08/2014 01:54:00,1.34266
04/08/2014 01:55:00,1.34275
04/08/2014 01:56:00,1.34265
04/08/2014 01:57:00,1.3426
04/08/2014 01:58:00,1.3426
04/08/2014 01:59:00,1.34255
04/08/2014 02:00:00,1.34249
04/08/2014 02:01:00,1.34235
04/08/2014 02:02:00,1.34226
04/08/2014 02:03:00,1.34226
04/08/2014 02:04:00,1.34228
04/08/2014 02:05:00,1.34224
04/08/2014 02:06:00,1.34226
04/08/2014 02:07:00,1.34232
04/08/2014 02:08:00,1.34233
04/08/2014 02:09:00,1.34235
04/08/2014 02:10:00,1.34236
04/08/2014 02:11:00,1.34236
04/08/2014 02:12:00,1.34236
04/08/2014 02:13:00,1.34236
04/08/2014 02:14:00,1.34241
04/08/2014 02:15:00,1.34245
04/08/2014 02:16:00,1.34241
04/08/2014 02:17:00,1.34241
04/08/2014 02:18:00,1.34238
04/08/2014 02:19:00,1.34233
04/08/2014 02:20:00,1.34235
04/08/2014 02:21:00,1.34237
04/08/2014 02:23:00,1.34234
04/08/2014 02:24:00,1.34226
04/08/2014 02:25:00,1.34231
04/08/2014 02:26:00,1.34227
04/08/2014 02:27:00,1.34228
04/08/2014 02:28:00,1.34228
04/08/2014 02:29:00,1.34228
04/08/2014 02:30:00,1.3423
04/08/2014 02:31:00,1.34213
04/08/2014 02:32:00,1.34216
04/08/2014 02:33:00,1.34213
04/08/2014 02:34:00,1.34205
04/08/2014 02:35:00,1.34199
04/08/2014 02:36:00,1.34194
04/08/2014 02:37:00,1.34194
04/08/2014 02:38:00,1.34194
04/08/2014 02:39:00,1.34194
04/08/2014 02:40:00,1.34189
04/08/2014 02:41:00,1.34188
04/08/2014 02:42:00,1.34187
04/08/2014 02:43:00,1.34187
04/08/2014 02:44:00,1.34188
04/08/2014 02:45:00,1.34183
04/08/2014 02:46:00,1.34185
04/08/2014 02:47:00,1.34174
04/08/2014 02:48:00,1.34168
04/08/2014 02:49:00,1.34174
04/08/2014 02:50:00,1.34173
04/08/2014 02:51:00,1.34174
04/08/2014 02:52:00,1.34164
04/08/2014 02:53:00,1.34163
04/08/2014 02:54:00,1.34164
04/08/2014 02:55:00,1.34171
04/08/2014 02:56:00,1.34172
04/08/2014 02:57:00,1.34174
04/08/2014 02:58:00,1.34169
04/08/2014 02:59:00,1.34169
04/08/2014 03:00:00,1.34167
04/08/2014 03:01:00,1.34175
04/08/2014 03:02:00,1.34174
04/08/2014 03:03:00,1.34174
04/08/2014 03:04:00,1.34168
04/08/2014 03:05:00,1.34176
04/08/2014 03:06:00,1.34177
04/08/2014 03:07:00,1.34177
04/08/2014 03:08:00,1.34179
04/08/2014 03:09:00,1.34181
04/08/2014 03:10:00,1.34183
04/08/2014 03:11:00,1.34185
04/08/2014 03:12:00,1.34184
04/08/2014 03:13:00,1.34187
04/08/2014 03:14:00,1.34185
04/08/2014 03:15:00,1.34189
04/08/2014 03:16:00,1.34192
04/08/2014 03:17:00,1.34191
04/08/2014 03:18:00,1.34191
04/08/2014 03:19:00,1.34195
04/08/2014 03:20:00,1.34195
04/08/2014 03:21:00,1.34197
04/08/2014 03:22:00,1.34196
04/08/2014 03:23:00,1.34196
04/08/2014 03:24:00,1.34197
04/08/2014 03:25:00,1.34197
04/08/2014 03:26:00,1.34196
04/08/2014 03:27:00,1.34196
04/08/2014 03:28:00,1.34193
04/08/2014 03:29:00,1.34195
04/08/2014 03:30:00,1.34188
04/08/2014 03:31:00,1.34192
04/08/2014 03:32:00,1.34195
04/08/2014 03:33:00,1.3419
04/08/2014 03:34:00,1.3419
04/08/2014 03:35:00,1.34195
04/08/2014 03:36:00,1.342
04/08/2014 03:37:00,1.342
04/08/2014 03:38:00,1.34198
04/08/2014 03:39:00,1.34194
04/08/2014 03:40:00,1.34198
04/08/2014 03:41:00,1.34203
04/08/2014 03:42:00,1.34204
04/08/2014 03:43:00,1.34196
04/08/2014 03:44:00,1.34203
04/08/2014 03:45:00,1.34199
04/08/2014 03:46:00,1.342
04/08/2014 03:47:00,1.34196
04/08/2014 03:48:00,1.34195
04/08/2014 03:49:00,1.34195
04/08/2014 03:50:00,1.34193
04/08/2014 03:51:00,1.34195
04/08/2014 03:52:00,1.34197
04/08/2014 03:53:00,1.34197
04/08/2014 03:54:00,1.34203
04/08/2014 03:55:00,1.34204
04/08/2014 03:56:00,1.34203
04/08/2014 03:57:00,1.34206
04/08/2014 03:58:00,1.3421
04/08/2014 03:59:00,1.3421
04/08/2014 04:00:00,1.34198
04/08/2014 04:01:00,1.34198
04/08/2014 04:02:00,1.34205
04/08/2014 04:03:00,1.34209
04/08/2014 04:04:00,1.34201
04/08/2014 04:05:00,1.34193
04/08/2014 04:06:00,1.34194
04/08/2014 04:07:00,1.34186
04/08/2014 04:08:00,1.34184
04/08/2014 04:09:00,1.34186
04/08/2014 04:10:00,1.34187
04/08/2014 04:11:00,1.34187
04/08/2014 04:13:00,1.34185
04/08/2014 04:14:00,1.34187
04/08/2014 04:15:00,1.34187
04/08/2014 04:16:00,1.34188
04/08/2014 04:18:00,1.34185
04/08/2014 04:19:00,1.34186
04/08/2014 04:20:00,1.34197
04/08/2014 04:21:00,1.34196
04/08/2014 04:22:00,1.34198
04/08/2014 04:23:00,1.34198
04/08/2014 04:24:00,1.34206
04/08/2014 04:25:00,1.34206
04/08/2014 04:26:00,1.34206
04/08/2014 04:27:00,1.3421
04/08/2014 04:28:00,1.34212
04/08/2014 04:29:00,1.34208
04/08/2014 04:30:00,1.34217
04/08/2014 04:31:00,1.34216
04/08/2014 04:32:00,1.34205
04/08/2014 04:33:00,1.34207
04/08/2014 04:34:00,1.34207
04/08/2014 04:35:00,1.34208
04/08/2014 04:36:00,1.34208
04/08/2014 04:37:00,1.34207
04/08/2014 04:38:00,1.34214
04/08/2014 04:39:00,1.34215
04/08/2014 04:40:00,1.3422
04/08/2014 04:41:00,1.34221
04/08/2014 04:42:00,1.3422
04/08/2014 04:43:00,1.34216
04/08/2014 04:44:00,1.34222
04/08/2014 04:45:00,1.34229
04/08/2014 04:46:00,1.34227
04/08/2014 04:47:00,1.34226
04/08/2014 04:48:00,1.34228
04/08/2014 04:49:00,1.34227
04/08/2014 04:50:00,1.34226
04/08/2014 04:51:00,1.34226
04/08/2014 04:52:00,1.3423
04/08/2014 04:53:00,1.34229
04/08/2014 04:54:00,1.34229
04/08/2014 04:55:00,1.34237
04/08/2014 04:56:00,1.34238
04/08/2014 04:57:00,1.34245
04/08/2014 04:58:00,1.34249
04/08/2014 04:59:00,1.34246
04/08/2014 05:00:00,1.34245
04/08/2014 05:01:00,1.34233
04/08/2014 05:02:00,1.34229
04/08/2014 05:03:00,1.34229
04/08/2014 05:04:00,1.34229
04/08/2014 05:05:00,1.34231
04/08/2014 05:06:00,1.34231
04/08/2014 05:07:00,1.34235
04/08/2014 05:08:00,1.34235
04/08/2014 05:09:00,1.34234
04/08/2014 05:10:00,1.34234
04/08/2014 05:11:00,1.34233
04/08/2014 05:12:00,1.34234
04/08/2014 05:13:00,1.34234
04/08/2014 05:14:00,1.34233
04/08/2014 05:16:00,1.34232
04/08/2014 05:17:00,1.34222
04/08/2014 05:18:00,1.34204
04/08/2014 05:19:00,1.34214
04/08/2014 05:20:00,1.34218
04/08/2014 05:21:00,1.34218
04/08/2014 05:22:00,1.34219
04/08/2014 05:23:00,1.34218
04/08/2014 05:24:00,1.34218
04/08/2014 05:25:00,1.34228
04/08/2014 05:26:00,1.3423
04/08/2014 05:27:00,1.34231
04/08/2014 05:28:00,1.34226
04/08/2014 05:29:00,1.34225
04/08/2014 05:30:00,1.34227
04/08/2014 05:31:00,1.34227
04/08/2014 05:32:00,1.3422
04/08/2014 05:33:00,1.3422
04/08/2014 05:34:00,1.34221
04/08/2014 05:35:00,1.34221
04/08/2014 05:36:00,1.3422
04/08/2014 05:37:00,1.3422
04/08/2014 05:38:00,1.3422
04/08/2014 05:39:00,1.3422
04/08/2014 05:40:00,1.34219
04/08/2014 05:41:00,1.34217
04/08/2014 05:42:00,1.34217
04/08/2014 05:43:00,1.34215
04/08/2014 05:44:00,1.34215
04/08/2014 05:45:00,1.34215
04/08/2014 05:46:00,1.34214
04/08/2014 05:47:00,1.34217
04/08/2014 05:48:00,1.34219
04/08/2014 05:49:00,1.3422
04/08/2014 05:50:00,1.34218
04/08/2014 05:51:00,1.34218
04/08/2014 05:52:00,1.34218
04/08/2014 05:53:00,1.34214
04/08/2014 05:54:00,1.34215
04/08/2014 05:55:00,1.34213
04/08/2014 05:56:00,1.34214
04/08/2014 05:57:00,1.34214
04/08/2014 05:58:00,1.34214
04/08/2014 05:59:00,1.34213
04/08/2014 06:00:00,1.34212
04/08/2014 06:01:00,1.34206
04/08/2014 06:02:00,1.34205
04/08/2014 06:03:00,1.34207
04/08/2014 06:04:00,1.34207
04/08/2014 06:05:00,1.34206
04/08/2014 06:06:00,1.34205
04/08/2014 06:07:00,1.34205
04/08/2014 06:08:00,1.34206
04/08/2014 06:09:00,1.34206
04/08/2014 06:10:00,1.34202
04/08/2014 06:11:00,1.34202
04/08/2014 06:12:00,1.34203
04/08/2014 06:13:00,1.34192
04/08/2014 06:14:00,1.34193
04/08/2014 06:15:00,1.34193
04/08/2014 06:16:00,1.34194
04/08/2014 06:17:00,1.34199
04/08/2014 06:18:00,1.34199
04/08/2014 06:19:00,1.34197
04/08/2014 06:20:00,1.34194
04/08/2014 06:22:00,1.34194
04/08/2014 06:24:00,1.34191
04/08/2014 06:25:00,1.34192
04/08/2014 06:26:00,1.34192
04/08/2014 06:27:00,1.34193
04/08/2014 06:28:00,1.34187
04/08/2014 06:29:00,1.34185
04/08/2014 06:30:00,1.34193
04/08/2014 06:31:00,1.34189
04/08/2014 06:32:00,1.34197
04/08/2014 06:33:00,1.34196
04/08/2014 06:34:00,1.34198
04/08/2014 06:35:00,1.34198
04/08/2014 06:36:00,1.34199
04/08/2014 06:37:00,1.34199
04/08/2014 06:38:00,1.34198
04/08/2014 06:39:00,1.34196
04/08/2014 06:40:00,1.34194
04/08/2014 06:41:00,1.34204
04/08/2014 06:42:00,1.34195
04/08/2014 06:43:00,1.34197
04/08/2014 06:44:00,1.34195
04/08/2014 06:45:00,1.34195
04/08/2014 06:46:00,1.34196
04/08/2014 06:47:00,1.34196
04/08/2014 06:48:00,1.34199
04/08/2014 06:49:00,1.34199
04/08/2014 06:50:00,1.34204
04/08/2014 06:51:00,1.34204
04/08/2014 06:52:00,1.34206
04/08/2014 06:53:00,1.34213
04/08/2014 06:54:00,1.34213
04/08/2014 06:55:00,1.34206
04/08/2014 06:56:00,1.34205
04/08/2014 06:57:00,1.34204
04/08/2014 06:58:00,1.34214
04/08/2014 06:59:00,1.34208
04/08/2014 07:00:00,1.34207
04/08/2014 07:01:00,1.3421
04/08/2014 07:02:00,1.34214
04/08/2014 07:03:00,1.34217
04/08/2014 07:04:00,1.34218
04/08/2014 07:05:00,1.34228
04/08/2014 07:06:00,1.3422
04/08/2014 07:07:00,1.34224
04/08/2014 07:08:00,1.34221
04/08/2014 07:09:00,1.34198
04/08/2014 07:10:00,1.34199
04/08/2014 07:11:00,1.342
04/08/2014 07:12:00,1.34217
04/08/2014 07:13:00,1.34218
04/08/2014 07:14:00,1.3422
04/08/2014 07:15:00,1.34225
04/08/2014 07:16:00,1.34222
04/08/2014 07:17:00,1.34222
04/08/2014 07:18:00,1.34239
04/08/2014 07:19:00,1.34234
04/08/2014 07:20:00,1.34231
04/08/2014 07:21:00,1.34215
04/08/2014 07:22:00,1.34208
04/08/2014 07:23:00,1.34215
04/08/2014 07:24:00,1.34216
04/08/2014 07:25:00,1.34215
04/08/2014 07:26:00,1.34229
04/08/2014 07:27:00,1.34226
04/08/2014 07:28:00,1.34224
04/08/2014 07:29:00,1.34219
04/08/2014 07:30:00,1.34216
04/08/2014 07:31:00,1.34251
04/08/2014 07:32:00,1.34262
04/08/2014 07:33:00,1.34271
04/08/2014 07:34:00,1.34278
04/08/2014 07:35:00,1.34274
04/08/2014 07:36:00,1.34274
04/08/2014 07:37:00,1.34284
04/08/2014 07:38:00,1.34278
04/08/2014 07:39:00,1.34265
04/08/2014 07:40:00,1.34263
04/08/2014 07:41:00,1.34258
04/08/2014 07:42:00,1.34245
04/08/2014 07:43:00,1.34239
04/08/2014 07:44:00,1.3425
04/08/2014 07:45:00,1.34242
04/08/2014 07:46:00,1.3425
04/08/2014 07:47:00,1.3425
04/08/2014 07:48:00,1.34246
04/08/2014 07:49:00,1.34224
04/08/2014 07:50:00,1.34212
04/08/2014 07:51:00,1.34204
04/08/2014 07:52:00,1.3419
04/08/2014 07:53:00,1.34195
04/08/2014 07:54:00,1.34192
04/08/2014 07:55:00,1.34173
04/08/2014 07:56:00,1.34159
04/08/2014 07:57:00,1.34168
04/08/2014 07:58:00,1.34154
04/08/2014 07:59:00,1.34172
04/08/2014 08:00:00,1.34174
04/08/2014 08:01:00,1.34175
04/08/2014 08:02:00,1.3416
04/08/2014 08:03:00,1.34166
04/08/2014 08:04:00,1.34167
04/08/2014 08:05:00,1.3417
04/08/2014 08:06:00,1.34174
04/08/2014 08:07:00,1.34177
04/08/2014 08:08:00,1.34191
04/08/2014 08:09:00,1.34197
04/08/2014 08:10:00,1.34211
04/08/2014 08:11:00,1.34216
04/08/2014 08:12:00,1.34209
04/08/2014 08:13:00,1.34209
04/08/2014 08:14:00,1.34206
04/08/2014 08:15:00,1.342
04/08/2014 08:16:00,1.34206
04/08/2014 08:17:00,1.34199
04/08/2014 08:18:00,1.34193
04/08/2014 08:19:00,1.34208
04/08/2014 08:20:00,1.34209
04/08/2014 08:21:00,1.34211
04/08/2014 08:22:00,1.34214
04/08/2014 08:23:00,1.34214
04/08/2014 08:24:00,1.34207
04/08/2014 08:25:00,1.34209
04/08/2014 08:26:00,1.34222
04/08/2014 08:27:00,1.34224
04/08/2014 08:28:00,1.3423
04/08/2014 08:29:00,1.3421
04/08/2014 08:30:00,1.34218
04/08/2014 08:31:00,1.34209
04/08/2014 08:32:00,1.34212
04/08/2014 08:33:00,1.34213
04/08/2014 08:34:00,1.34212
04/08/2014 08:35:00,1.34212
04/08/2014 08:36:00,1.34213
04/08/2014 08:37:00,1.34212
04/08/2014 08:38:00,1.34213
04/08/2014 08:39:00,1.34213
04/08/2014 08:40:00,1.3422
04/08/2014 08:41:00,1.34223
04/08/2014 08:42:00,1.34216
04/08/2014 08:43:00,1.34219
04/08/2014 08:44:00,1.34224
04/08/2014 08:45:00,1.34225
04/08/2014 08:46:00,1.34228
04/08/2014 08:47:00,1.34229
04/08/2014 08:48:00,1.34233
04/08/2014 08:49:00,1.34238
04/08/2014 08:50:00,1.34253
04/08/2014 08:51:00,1.34258
04/08/2014 08:52:00,1.34245
04/08/2014 08:53:00,1.34261
04/08/2014 08:54:00,1.34279
04/08/2014 08:55:00,1.34282
04/08/2014 08:56:00,1.3429
04/08/2014 08:57:00,1.3429
04/08/2014 08:58:00,1.34291
04/08/2014 08:59:00,1.34288
04/08/2014 09:00:00,1.34283
04/08/2014 09:01:00,1.34262
04/08/2014 09:02:00,1.3427
04/08/2014 09:03:00,1.34258
04/08/2014 09:04:00,1.34248
04/08/2014 09:05:00,1.34242
04/08/2014 09:06:00,1.34246
04/08/2014 09:07:00,1.34259
04/08/2014 09:08:00,1.34264
04/08/2014 09:09:00,1.3427
04/08/2014 09:10:00,1.34272
04/08/2014 09:11:00,1.34279
04/08/2014 09:12:00,1.34278
04/08/2014 09:13:00,1.34269
04/08/2014 09:14:00,1.34271
04/08/2014 09:15:00,1.34271
04/08/2014 09:16:00,1.34273
04/08/2014 09:17:00,1.34279
04/08/2014 09:18:00,1.34285
04/08/2014 09:19:00,1.3428
04/08/2014 09:20:00,1.34268
04/08/2014 09:21:00,1.34265
04/08/2014 09:22:00,1.34265
04/08/2014 09:23:00,1.34269
04/08/2014 09:24:00,1.34278
04/08/2014 09:25:00,1.34267
04/08/2014 09:26:00,1.34268
04/08/2014 09:27:00,1.34256
04/08/2014 09:28:00,1.34255
04/08/2014 09:29:00,1.34247
04/08/2014 09:30:00,1.34261
04/08/2014 09:31:00,1.34237
04/08/2014 09:32:00,1.34229
04/08/2014 09:33:00,1.3425
04/08/2014 09:34:00,1.34239
04/08/2014 09:35:00,1.34241
04/08/2014 09:36:00,1.34249
04/08/2014 09:37:00,1.34258
04/08/2014 09:38:00,1.34247
04/08/2014 09:39:00,1.34237
04/08/2014 09:40:00,1.34248
04/08/2014 09:41:00,1.34248
04/08/2014 09:42:00,1.34242
04/08/2014 09:43:00,1.34245
04/08/2014 09:44:00,1.3425
04/08/2014 09:45:00,1.34244
04/08/2014 09:46:00,1.34236
04/08/2014 09:47:00,1.34242
04/08/2014 09:48:00,1.34239
04/08/2014 09:49:00,1.34237
04/08/2014 09:50:00,1.34236
04/08/2014 09:51:00,1.34249
04/08/2014 09:52:00,1.34245
04/08/2014 09:53:00,1.3426
04/08/2014 09:54:00,1.34265
04/08/2014 09:55:00,1.34267
04/08/2014 09:56:00,1.3426
04/08/2014 09:57:00,1.34267
04/08/2014 09:58:00,1.34262
04/08/2014 09:59:00,1.34265
04/08/2014 10:00:00,1.34259
04/08/2014 10:01:00,1.34259
04/08/2014 10:02:00,1.34267
04/08/2014 10:03:00,1.3427
04/08/2014 10:04:00,1.34277
04/08/2014 10:05:00,1.3426
04/08/2014 10:06:00,1.34256
04/08/2014 10:07:00,1.34254
04/08/2014 10:08:00,1.3426
04/08/2014 10:09:00,1.34269
04/08/2014 10:10:00,1.34275
04/08/2014 10:11:00,1.34278
04/08/2014 10:12:00,1.34274
04/08/2014 10:13:00,1.34278
04/08/2014 10:14:00,1.34276
04/08/2014 10:15:00,1.34275
04/08/2014 10:16:00,1.34269
04/08/2014 10:17:00,1.34274
04/08/2014 10:18:00,1.34275
04/08/2014 10:19:00,1.34277
04/08/2014 10:20:00,1.34268
04/08/2014 10:21:00,1.34259
04/08/2014 10:22:00,1.34256
04/08/2014 10:23:00,1.34247
04/08/2014 10:24:00,1.34245
04/08/2014 10:25:00,1.34247
04/08/2014 10:26:00,1.3424
04/08/2014 10:27:00,1.34241
04/08/2014 10:28:00,1.34244
04/08/2014 10:29:00,1.3424
04/08/2014 10:30:00,1.34222
04/08/2014 10:31:00,1.34219
04/08/2014 10:32:00,1.3422
04/08/2014 10:33:00,1.3422
04/08/2014 10:34:00,1.34218
04/08/2014 10:35:00,1.34213
04/08/2014 10:36:00,1.34206
04/08/2014 10:37:00,1.34207
04/08/2014 10:38:00,1.34206
04/08/2014 10:39:00,1.34205
04/08/2014 10:40:00,1.34206
04/08/2014 10:41:00,1.34204
04/08/2014 10:42:00,1.34203
04/08/2014 10:43:00,1.34209
04/08/2014 10:44:00,1.34207
04/08/2014 10:45:00,1.34209
04/08/2014 10:46:00,1.34216
04/08/2014 10:47:00,1.34214
04/08/2014 10:48:00,1.34218
04/08/2014 10:49:00,1.34213
04/08/2014 10:50:00,1.34215
04/08/2014 10:51:00,1.34206
04/08/2014 10:52:00,1.34218
04/08/2014 10:53:00,1.34217
04/08/2014 10:54:00,1.34207
04/08/2014 10:55:00,1.34208
04/08/2014 10:56:00,1.34206
04/08/2014 10:57:00,1.34198
04/08/2014 10:58:00,1.34194
04/08/2014 10:59:00,1.34195
04/08/2014 11:00:00,1.34197
04/08/2014 11:01:00,1.34194
04/08/2014 11:02:00,1.34183
04/08/2014 11:03:00,1.34181
04/08/2014 11:04:00,1.34184
04/08/2014 11:05:00,1.34228
04/08/2014 11:06:00,1.34222
04/08/2014 11:07:00,1.34219
04/08/2014 11:08:00,1.3423
04/08/2014 11:09:00,1.34233
04/08/2014 11:10:00,1.34229
04/08/2014 11:11:00,1.34234
04/08/2014 11:12:00,1.34227
04/08/2014 11:13:00,1.34229
04/08/2014 11:14:00,1.34229
04/08/2014 11:15:00,1.34224
04/08/2014 11:16:00,1.34227
04/08/2014 11:17:00,1.34226
04/08/2014 11:18:00,1.34229
04/08/2014 11:19:00,1.34223
04/08/2014 11:20:00,1.34219
04/08/2014 11:21:00,1.34217
04/08/2014 11:22:00,1.34219
04/08/2014 11:23:00,1.3422
04/08/2014 11:24:00,1.34226
04/08/2014 11:25:00,1.34217
04/08/2014 11:26:00,1.34213
04/08/2014 11:27:00,1.34222
04/08/2014 11:28:00,1.34231
04/08/2014 11:29:00,1.34226
04/08/2014 11:30:00,1.34226
04/08/2014 11:31:00,1.34221
04/08/2014 11:32:00,1.34221
04/08/2014 11:33:00,1.34226
04/08/2014 11:34:00,1.3423
04/08/2014 11:35:00,1.3422
04/08/2014 11:36:00,1.34213
04/08/2014 11:37:00,1.34215
04/08/2014 11:38:00,1.34214
04/08/2014 11:39:00,1.34212
04/08/2014 11:40:00,1.34206
04/08/2014 11:41:00,1.34195
04/08/2014 11:42:00,1.34204
04/08/2014 11:43:00,1.34218
04/08/2014 11:44:00,1.34207
04/08/2014 11:45:00,1.34203
04/08/2014 11:46:00,1.34198
04/08/2014 11:47:00,1.34193
04/08/2014 11:48:00,1.3419
04/08/2014 11:49:00,1.34191
04/08/2014 11:50:00,1.34206
04/08/2014 11:51:00,1.34206
04/08/2014 11:52:00,1.34204
04/08/2014 11:53:00,1.34201
04/08/2014 11:54:00,1.34201
04/08/2014 11:55:00,1.34207
04/08/2014 11:56:00,1.34212
04/08/2014 11:57:00,1.34217
04/08/2014 11:58:00,1.34194
04/08/2014 11:59:00,1.34186
04/08/2014 12:00:00,1.34188
04/08/2014 12:01:00,1.34188
04/08/2014 12:02:00,1.34205
04/08/2014 12:03:00,1.34202
04/08/2014 12:04:00,1.342
04/08/2014 12:05:00,1.34194
04/08/2014 12:06:00,1.342
04/08/2014 12:07:00,1.34198
04/08/2014 12:08:00,1.34202
04/08/2014 12:09:00,1.34205
04/08/2014 12:10:00,1.34205
04/08/2014 12:11:00,1.34204
04/08/2014 12:12:00,1.34193
04/08/2014 12:13:00,1.34193
04/08/2014 12:14:00,1.34198
04/08/2014 12:15:00,1.34198
04/08/2014 12:16:00,1.34198
04/08/2014 12:17:00,1.34192
04/08/2014 12:18:00,1.34192
04/08/2014 12:19:00,1.34189
04/08/2014 12:20:00,1.34185
04/08/2014 12:21:00,1.34189
04/08/2014 12:22:00,1.34185
04/08/2014 12:23:00,1.34185
04/08/2014 12:24:00,1.34188
04/08/2014 12:25:00,1.34185
04/08/2014 12:26:00,1.34179
04/08/2014 12:27:00,1.34178
04/08/2014 12:28:00,1.34179
04/08/2014 12:29:00,1.34177
04/08/2014 12:30:00,1.34176
04/08/2014 12:31:00,1.3416
04/08/2014 12:32:00,1.34151
04/08/2014 12:33:00,1.34154
04/08/2014 12:34:00,1.34157
04/08/2014 12:35:00,1.34157
04/08/2014 12:36:00,1.34155
04/08/2014 12:37:00,1.34158
04/08/2014 12:38:00,1.34158
04/08/2014 12:39:00,1.34159
04/08/2014 12:40:00,1.34159
04/08/2014 12:41:00,1.34161
04/08/2014 12:42:00,1.34161
04/08/2014 12:43:00,1.34161
04/08/2014 12:44:00,1.34159
04/08/2014 12:45:00,1.34164
04/08/2014 12:46:00,1.34163
04/08/2014 12:47:00,1.34169
04/08/2014 12:48:00,1.3417
04/08/2014 12:49:00,1.34156
04/08/2014 12:50:00,1.34165
04/08/2014 12:51:00,1.34166
04/08/2014 12:52:00,1.34181
04/08/2014 12:53:00,1.3419
04/08/2014 12:54:00,1.34193
04/08/2014 12:55:00,1.34193
04/08/2014 12:56:00,1.34198
04/08/2014 12:57:00,1.34194
04/08/2014 12:58:00,1.34194
04/08/2014 12:59:00,1.34187
04/08/2014 13:00:00,1.3418
04/08/2014 13:01:00,1.34175
04/08/2014 13:02:00,1.34174
04/08/2014 13:03:00,1.34174
04/08/2014 13:04:00,1.34177
04/08/2014 13:05:00,1.34177
04/08/2014 13:06:00,1.34196
04/08/2014 13:07:00,1.34177
04/08/2014 13:08:00,1.34178
04/08/2014 13:09:00,1.34179
04/08/2014 13:10:00,1.34172
04/08/2014 13:11:00,1.34178
04/08/2014 13:12:00,1.34186
04/08/2014 13:13:00,1.3418
04/08/2014 13:14:00,1.34191
04/08/2014 13:15:00,1.34215
04/08/2014 13:16:00,1.3422
04/08/2014 13:17:00,1.34218
04/08/2014 13:18:00,1.34216
04/08/2014 13:19:00,1.3422
04/08/2014 13:20:00,1.34219
04/08/2014 13:21:00,1.34217
04/08/2014 13:22:00,1.34217
04/08/2014 13:23:00,1.34218
04/08/2014 13:24:00,1.34219
04/08/2014 13:25:00,1.34226
04/08/2014 13:26:00,1.34228
04/08/2014 13:27:00,1.34229
04/08/2014 13:28:00,1.34229
04/08/2014 13:29:00,1.34219
04/08/2014 13:30:00,1.34216
04/08/2014 13:31:00,1.34213
04/08/2014 13:32:00,1.3422
04/08/2014 13:33:00,1.34221
04/08/2014 13:34:00,1.3422
04/08/2014 13:35:00,1.34217
04/08/2014 13:36:00,1.34215
04/08/2014 13:37:00,1.34212
04/08/2014 13:38:00,1.3422
04/08/2014 13:39:00,1.34206
04/08/2014 13:40:00,1.34202
04/08/2014 13:41:00,1.34208
04/08/2014 13:42:00,1.34211
04/08/2014 13:43:00,1.34207
04/08/2014 13:44:00,1.34213
04/08/2014 13:45:00,1.34214
04/08/2014 13:46:00,1.34215
04/08/2014 13:47:00,1.3421
04/08/2014 13:48:00,1.34212
04/08/2014 13:49:00,1.34228
04/08/2014 13:50:00,1.34228
04/08/2014 13:51:00,1.34227
04/08/2014 13:52:00,1.34227
04/08/2014 13:53:00,1.34228
04/08/2014 13:54:00,1.34225
04/08/2014 13:55:00,1.34223
04/08/2014 13:56:00,1.3422
04/08/2014 13:57:00,1.34224
04/08/2014 13:58:00,1.34227
04/08/2014 13:59:00,1.3422
04/08/2014 14:00:00,1.34219
04/08/2014 14:01:00,1.34211
04/08/2014 14:02:00,1.34214
04/08/2014 14:03:00,1.34214
04/08/2014 14:04:00,1.3421
04/08/2014 14:05:00,1.34206
04/08/2014 14:06:00,1.34209
04/08/2014 14:07:00,1.34206
04/08/2014 14:08:00,1.3421
04/08/2014 14:09:00,1.34213
04/08/2014 14:10:00,1.34213
04/08/2014 14:11:00,1.34208
04/08/2014 14:12:00,1.34217
04/08/2014 14:13:00,1.34216
04/08/2014 14:14:00,1.34215
04/08/2014 14:15:00,1.34216
04/08/2014 14:16:00,1.34216
04/08/2014 14:17:00,1.34204
04/08/2014 14:18:00,1.34208
04/08/2014 14:19:00,1.34204
04/08/2014 14:20:00,1.34197
04/08/2014 14:21:00,1.34195
04/08/2014 14:22:00,1.34197
04/08/2014 14:23:00,1.34194
04/08/2014 14:24:00,1.34194
04/08/2014 14:25:00,1.34196
04/08/2014 14:26:00,1.34198
04/08/2014 14:27:00,1.34213
04/08/2014 14:28:00,1.34213
04/08/2014 14:29:00,1.34212
04/08/2014 14:30:00,1.34212
04/08/2014 14:31:00,1.34218
04/08/2014 14:32:00,1.34215
04/08/2014 14:33:00,1.34225
04/08/2014 14:34:00,1.34226
04/08/2014 14:35:00,1.34223
04/08/2014 14:36:00,1.34225
04/08/2014 14:37:00,1.34219
04/08/2014 14:38:00,1.34218
04/08/2014 14:39:00,1.34225
04/08/2014 14:40:00,1.34218
04/08/2014 14:41:00,1.34226
04/08/2014 14:42:00,1.34222
04/08/2014 14:43:00,1.34217
04/08/2014 14:44:00,1.34223
04/08/2014 14:45:00,1.34227
04/08/2014 14:46:00,1.34225
04/08/2014 14:47:00,1.34231
04/08/2014 14:48:00,1.3423
04/08/2014 14:49:00,1.34209
04/08/2014 14:50:00,1.34206
04/08/2014 14:51:00,1.34204
04/08/2014 14:52:00,1.34219
04/08/2014 14:53:00,1.34216
04/08/2014 14:54:00,1.34205
04/08/2014 14:55:00,1.34212
04/08/2014 14:56:00,1.34205
04/08/2014 14:57:00,1.34209
04/08/2014 14:58:00,1.34199
04/08/2014 14:59:00,1.34196
04/08/2014 15:00:00,1.342
04/08/2014 15:01:00,1.34196
04/08/2014 15:02:00,1.34197
04/08/2014 15:03:00,1.34183
04/08/2014 15:04:00,1.34186
04/08/2014 15:05:00,1.34195
04/08/2014 15:06:00,1.34198
04/08/2014 15:07:00,1.34196
04/08/2014 15:08:00,1.34195
04/08/2014 15:09:00,1.34197
04/08/2014 15:10:00,1.34197
04/08/2014 15:11:00,1.34196
04/08/2014 15:12:00,1.34196
04/08/2014 15:13:00,1.34195
04/08/2014 15:14:00,1.34185
04/08/2014 15:15:00,1.34183
04/08/2014 15:16:00,1.34184
04/08/2014 15:17:00,1.34179
04/08/2014 15:18:00,1.34178
04/08/2014 15:19:00,1.34184
04/08/2014 15:20:00,1.34184
04/08/2014 15:21:00,1.34176
04/08/2014 15:22:00,1.34176
04/08/2014 15:23:00,1.34176
04/08/2014 15:24:00,1.34178
04/08/2014 15:25:00,1.34189
04/08/2014 15:26:00,1.34196
04/08/2014 15:27:00,1.34196
04/08/2014 15:28:00,1.34195
04/08/2014 15:29:00,1.34196
04/08/2014 15:30:00,1.34196
04/08/2014 15:31:00,1.34195
04/08/2014 15:32:00,1.34196
04/08/2014 15:33:00,1.34198
04/08/2014 15:34:00,1.34198
04/08/2014 15:35:00,1.34199
04/08/2014 15:36:00,1.34194
04/08/2014 15:37:00,1.34195
04/08/2014 15:38:00,1.34196
04/08/2014 15:39:00,1.34196
04/08/2014 15:40:00,1.34194
04/08/2014 15:41:00,1.34188
04/08/2014 15:42:00,1.34189
04/08/2014 15:43:00,1.34194
04/08/2014 15:44:00,1.34194
04/08/2014 15:45:00,1.342
04/08/2014 15:46:00,1.34195
04/08/2014 15:47:00,1.34196
04/08/2014 15:48:00,1.34198
04/08/2014 15:49:00,1.34196
04/08/2014 15:50:00,1.34199
04/08/2014 15:51:00,1.34195
04/08/2014 15:52:00,1.34189
04/08/2014 15:53:00,1.34186
04/08/2014 15:54:00,1.34196
04/08/2014 15:55:00,1.34193
04/08/2014 15:56:00,1.34188
04/08/2014 15:57:00,1.34197
04/08/2014 15:58:00,1.342
04/08/2014 15:59:00,1.34183
04/08/2014 16:00:00,1.3418
04/08/2014 16:01:00,1.3418
04/08/2014 16:02:00,1.34178
04/08/2014 16:03:00,1.34174
04/08/2014 16:04:00,1.34176
04/08/2014 16:05:00,1.3419
04/08/2014 16:06:00,1.34178
04/08/2014 16:07:00,1.34181
04/08/2014 16:08:00,1.34182
04/08/2014 16:09:00,1.34186
04/08/2014 16:10:00,1.34177
04/08/2014 16:11:00,1.34175
04/08/2014 16:12:00,1.34167
04/08/2014 16:13:00,1.34163
04/08/2014 16:14:00,1.34161
04/08/2014 16:15:00,1.34149
04/08/2014 16:16:00,1.34164
04/08/2014 16:17:00,1.34159
04/08/2014 16:18:00,1.34151
04/08/2014 16:19:00,1.34145
04/08/2014 16:20:00,1.34155
04/08/2014 16:21:00,1.34169
04/08/2014 16:22:00,1.34163
04/08/2014 16:23:00,1.3417
04/08/2014 16:24:00,1.34173
04/08/2014 16:25:00,1.34171
04/08/2014 16:26:00,1.34181
04/08/2014 16:27:00,1.34171
04/08/2014 16:28:00,1.34167
04/08/2014 16:29:00,1.34166
04/08/2014 16:30:00,1.34161
04/08/2014 16:31:00,1.34167
04/08/2014 16:32:00,1.34164
04/08/2014 16:33:00,1.34155
04/08/2014 16:34:00,1.34156
04/08/2014 16:35:00,1.34148
04/08/2014 16:36:00,1.34137
04/08/2014 16:37:00,1.34135
04/08/2014 16:38:00,1.34138
04/08/2014 16:39:00,1.34132
04/08/2014 16:40:00,1.34139
04/08/2014 16:41:00,1.34139
04/08/2014 16:42:00,1.34136
04/08/2014 16:43:00,1.34131
04/08/2014 16:44:00,1.34131
04/08/2014 16:45:00,1.34135
04/08/2014 16:46:00,1.34135
04/08/2014 16:47:00,1.3414
04/08/2014 16:48:00,1.34141
04/08/2014 16:49:00,1.34136
04/08/2014 16:50:00,1.34135
04/08/2014 16:51:00,1.34136
04/08/2014 16:52:00,1.34136
04/08/2014 16:53:00,1.3412
04/08/2014 16:54:00,1.34119
04/08/2014 16:55:00,1.34114
04/08/2014 16:56:00,1.3412
04/08/2014 16:57:00,1.34105
04/08/2014 16:58:00,1.34108
04/08/2014 16:59:00,1.34123
04/08/2014 17:00:00,1.34129
04/08/2014 17:01:00,1.34129
04/08/2014 17:02:00,1.34129
04/08/2014 17:03:00,1.3413
04/08/2014 17:04:00,1.3412
04/08/2014 17:05:00,1.34119
04/08/2014 17:06:00,1.34122
04/08/2014 17:07:00,1.34127
04/08/2014 17:08:00,1.34119
04/08/2014 17:09:00,1.34119
04/08/2014 17:10:00,1.34125
04/08/2014 17:11:00,1.34127
04/08/2014 17:12:00,1.34117
04/08/2014 17:13:00,1.34118
04/08/2014 17:14:00,1.34116
04/08/2014 17:15:00,1.3411
04/08/2014 17:16:00,1.3411
04/08/2014 17:17:00,1.34119
04/08/2014 17:18:00,1.3412
04/08/2014 17:19:00,1.34108
04/08/2014 17:20:00,1.34103
04/08/2014 17:21:00,1.34105
04/08/2014 17:22:00,1.3411
04/08/2014 17:23:00,1.34102
04/08/2014 17:24:00,1.34102
04/08/2014 17:25:00,1.34105
04/08/2014 17:26:00,1.34101
04/08/2014 17:27:00,1.34101
04/08/2014 17:28:00,1.34098
04/08/2014 17:29:00,1.34099
04/08/2014 17:30:00,1.34097
04/08/2014 17:31:00,1.34106
04/08/2014 17:32:00,1.34111
04/08/2014 17:33:00,1.34111
04/08/2014 17:34:00,1.341
04/08/2014 17:35:00,1.34097
04/08/2014 17:36:00,1.34091
04/08/2014 17:37:00,1.3409
04/08/2014 17:38:00,1.34085
04/08/2014 17:39:00,1.34088
04/08/2014 17:40:00,1.34097
04/08/2014 17:41:00,1.34093
04/08/2014 17:42:00,1.34111
04/08/2014 17:43:00,1.3412
04/08/2014 17:44:00,1.34123
04/08/2014 17:45:00,1.34133
04/08/2014 17:46:00,1.34134
04/08/2014 17:47:00,1.34134
04/08/2014 17:48:00,1.34138
04/08/2014 17:49:00,1.34141
04/08/2014 17:50:00,1.34142
04/08/2014 17:51:00,1.34142
04/08/2014 17:52:00,1.34143
04/08/2014 17:53:00,1.34145
04/08/2014 17:54:00,1.34143
04/08/2014 17:55:00,1.34143
04/08/2014 17:56:00,1.34143
04/08/2014 17:57:00,1.34155
04/08/2014 17:58:00,1.34154
04/08/2014 17:59:00,1.34155
04/08/2014 18:00:00,1.34162
04/08/2014 18:01:00,1.34173
04/08/2014 18:02:00,1.3417
04/08/2014 18:03:00,1.34172
04/08/2014 18:04:00,1.34173
04/08/2014 18:05:00,1.34174
04/08/2014 18:06:00,1.34158
04/08/2014 18:07:00,1.34157
04/08/2014 18:08:00,1.34157
04/08/2014 18:09:00,1.34155
04/08/2014 18:10:00,1.34153
04/08/2014 18:11:00,1.34152
04/08/2014 18:12:00,1.34152
04/08/2014 18:13:00,1.34155
04/08/2014 18:15:00,1.34154
04/08/2014 18:16:00,1.34154
04/08/2014 18:17:00,1.34155
04/08/2014 18:18:00,1.34154
04/08/2014 18:19:00,1.34159
04/08/2014 18:20:00,1.3417
04/08/2014 18:21:00,1.34163
04/08/2014 18:22:00,1.3416
04/08/2014 18:23:00,1.3416
04/08/2014 18:24:00,1.34165
04/08/2014 18:25:00,1.34164
04/08/2014 18:26:00,1.34166
04/08/2014 18:27:00,1.34171
04/08/2014 18:28:00,1.34171
04/08/2014 18:29:00,1.34171
04/08/2014 18:30:00,1.34171
04/08/2014 18:31:00,1.34174
04/08/2014 18:32:00,1.34173
04/08/2014 18:33:00,1.34173
04/08/2014 18:34:00,1.34172
04/08/2014 18:35:00,1.34173
04/08/2014 18:36:00,1.3417
04/08/2014 18:37:00,1.3417
04/08/2014 18:38:00,1.34177
04/08/2014 18:39:00,1.34177
04/08/2014 18:40:00,1.34187
04/08/2014 18:41:00,1.34187
04/08/2014 18:42:00,1.3419
04/08/2014 18:43:00,1.34191
04/08/2014 18:44:00,1.34192
04/08/2014 18:45:00,1.3419
04/08/2014 18:46:00,1.34189
04/08/2014 18:47:00,1.34195
04/08/2014 18:48:00,1.34192
04/08/2014 18:49:00,1.34196
04/08/2014 18:50:00,1.342
04/08/2014 18:51:00,1.34202
04/08/2014 18:52:00,1.342
04/08/2014 18:53:00,1.34198
04/08/2014 18:54:00,1.34189
04/08/2014 18:55:00,1.34189
04/08/2014 18:56:00,1.34189
04/08/2014 18:57:00,1.34189
04/08/2014 18:58:00,1.3419
04/08/2014 18:59:00,1.34189
04/08/2014 19:00:00,1.34185
04/08/2014 19:01:00,1.34176
04/08/2014 19:02:00,1.34172
04/08/2014 19:03:00,1.34173
04/08/2014 19:04:00,1.34174
04/08/2014 19:05:00,1.34173
04/08/2014 19:06:00,1.34183
04/08/2014 19:07:00,1.3418
04/08/2014 19:08:00,1.3418
04/08/2014 19:09:00,1.34186
04/08/2014 19:10:00,1.34185
04/08/2014 19:11:00,1.3419
04/08/2014 19:12:00,1.342
04/08/2014 19:13:00,1.34192
04/08/2014 19:14:00,1.34192
04/08/2014 19:15:00,1.34198
04/08/2014 19:16:00,1.34198
04/08/2014 19:17:00,1.34191
04/08/2014 19:18:00,1.34191
04/08/2014 19:19:00,1.3419
04/08/2014 19:20:00,1.3419
04/08/2014 19:21:00,1.34185
04/08/2014 19:22:00,1.34184
04/08/2014 19:23:00,1.34181
04/08/2014 19:24:00,1.3418
04/08/2014 19:25:00,1.34182
04/08/2014 19:26:00,1.34182
04/08/2014 19:27:00,1.3418
04/08/2014 19:28:00,1.3419
04/08/2014 19:29:00,1.34179
04/08/2014 19:30:00,1.3418
04/08/2014 19:31:00,1.34175
04/08/2014 19:32:00,1.34168
04/08/2014 19:33:00,1.34165
04/08/2014 19:34:00,1.3417
04/08/2014 19:35:00,1.3417
04/08/2014 19:36:00,1.34171
04/08/2014 19:37:00,1.3417
04/08/2014 19:39:00,1.3417
04/08/2014 19:40:00,1.3417
04/08/2014 19:41:00,1.34172
04/08/2014 19:42:00,1.34179
04/08/2014 19:43:00,1.34185
04/08/2014 19:44:00,1.3418
04/08/2014 19:45:00,1.3418
04/08/2014 19:46:00,1.34181
04/08/2014 19:47:00,1.34191
04/08/2014 19:48:00,1.34191
04/08/2014 19:49:00,1.34181
04/08/2014 19:50:00,1.34181
04/08/2014 19:51:00,1.34181
04/08/2014 19:52:00,1.34188
04/08/2014 19:53:00,1.3418
04/08/2014 19:54:00,1.34187
04/08/2014 19:55:00,1.34181
04/08/2014 19:56:00,1.34188
04/08/2014 19:57:00,1.34191
04/08/2014 19:58:00,1.34192
04/08/2014 19:59:00,1.34192
04/08/2014 20:00:00,1.3418
04/08/2014 20:01:00,1.3418
04/08/2014 20:02:00,1.34185
04/08/2014 20:03:00,1.34183
04/08/2014 20:04:00,1.34182
04/08/2014 20:05:00,1.34183
04/08/2014 20:06:00,1.3419
04/08/2014 20:07:00,1.34192
04/08/2014 20:08:00,1.34192
04/08/2014 20:09:00,1.34192
04/08/2014 20:10:00,1.34193
04/08/2014 20:11:00,1.3419
04/08/2014 20:12:00,1.3419
04/08/2014 20:13:00,1.34191
04/08/2014 20:14:00,1.34191
04/08/2014 20:15:00,1.34178
04/08/2014 20:16:00,1.3418
04/08/2014 20:17:00,1.3419
04/08/2014 20:18:00,1.34187
04/08/2014 20:19:00,1.34191
04/08/2014 20:20:00,1.34192
04/08/2014 20:21:00,1.3419
04/08/2014 20:22:00,1.3419
04/08/2014 20:23:00,1.3419
04/08/2014 20:24:00,1.34191
04/08/2014 20:25:00,1.34191
04/08/2014 20:26:00,1.34189
04/08/2014 20:27:00,1.34189
04/08/2014 20:28:00,1.34189
04/08/2014 20:29:00,1.34189
04/08/2014 20:30:00,1.34191
04/08/2014 20:31:00,1.34188
04/08/2014 20:32:00,1.34188
04/08/2014 20:33:00,1.34188
04/08/2014 20:34:00,1.3419
04/08/2014 20:35:00,1.34187
04/08/2014 20:36:00,1.34188
04/08/2014 20:37:00,1.34189
04/08/2014 20:38:00,1.34189
04/08/2014 20:39:00,1.34189
04/08/2014 20:40:00,1.34195
04/08/2014 20:41:00,1.34196
04/08/2014 20:42:00,1.342
04/08/2014 20:43:00,1.342
04/08/2014 20:44:00,1.34203
04/08/2014 20:45:00,1.34202
04/08/2014 20:46:00,1.34197
04/08/2014 20:47:00,1.34198
04/08/2014 20:48:00,1.34198
04/08/2014 20:49:00,1.34204
04/08/2014 20:50:00,1.342
04/08/2014 20:51:00,1.34197
04/08/2014 20:52:00,1.34193
04/08/2014 20:53:00,1.34193
04/08/2014 20:54:00,1.34193
04/08/2014 20:55:00,1.34193
04/08/2014 20:56:00,1.34193
04/08/2014 20:57:00,1.34193
04/08/2014 20:58:00,1.342
04/08/2014 20:59:00,1.34205
04/08/2014 21:00:00,1.34203
04/08/2014 21:01:00,1.34203
04/08/2014 21:02:00,1.34203
04/08/2014 21:03:00,1.34202
04/08/2014 21:04:00,1.34203
04/08/2014 21:05:00,1.342
04/08/2014 21:07:00,1.34203
04/08/2014 21:08:00,1.342
04/08/2014 21:09:00,1.34201
04/08/2014 21:10:00,1.34201
04/08/2014 21:11:00,1.34204
04/08/2014 21:12:00,1.34204
04/08/2014 21:13:00,1.34204
04/08/2014 21:15:00,1.34205
04/08/2014 21:17:00,1.34213
04/08/2014 21:18:00,1.34215
04/08/2014 21:19:00,1.34216
04/08/2014 21:20:00,1.34215
04/08/2014 21:21:00,1.34214
04/08/2014 21:22:00,1.34214
04/08/2014 21:23:00,1.34215
04/08/2014 21:24:00,1.34217
04/08/2014 21:25:00,1.34218
04/08/2014 21:26:00,1.3422
04/08/2014 21:27:00,1.3422
04/08/2014 21:28:00,1.3422
04/08/2014 21:29:00,1.34219
04/08/2014 21:30:00,1.34219
04/08/2014 21:31:00,1.34219
04/08/2014 21:32:00,1.34219
04/08/2014 21:33:00,1.34222
04/08/2014 21:34:00,1.34219
04/08/2014 21:35:00,1.34217
04/08/2014 21:36:00,1.34215
04/08/2014 21:37:00,1.34212
04/08/2014 21:38:00,1.34208
04/08/2014 21:39:00,1.34208
04/08/2014 21:40:00,1.34192
04/08/2014 21:41:00,1.34191
04/08/2014 21:42:00,1.34198
04/08/2014 21:43:00,1.34198
04/08/2014 21:44:00,1.34201
04/08/2014 21:45:00,1.34198
04/08/2014 21:46:00,1.34201
04/08/2014 21:47:00,1.34203
04/08/2014 21:48:00,1.34198
04/08/2014 21:49:00,1.34197
04/08/2014 21:50:00,1.34198
04/08/2014 21:51:00,1.34192
04/08/2014 21:52:00,1.34191
04/08/2014 21:53:00,1.342
04/08/2014 21:54:00,1.34199
04/08/2014 21:55:00,1.34202
04/08/2014 21:56:00,1.34201
04/08/2014 21:57:00,1.34202
04/08/2014 21:58:00,1.34199
04/08/2014 21:59:00,1.342
04/08/2014 22:00:00,1.34204
04/08/2014 22:01:00,1.34204
04/08/2014 22:02:00,1.34206
04/08/2014 22:04:00,1.34201
04/08/2014 22:05:00,1.3421
04/08/2014 22:06:00,1.3421
04/08/2014 22:07:00,1.34212
04/08/2014 22:09:00,1.34215
04/08/2014 22:10:00,1.34213
04/08/2014 22:11:00,1.34214
04/08/2014 22:12:00,1.34215
04/08/2014 22:13:00,1.34217
04/08/2014 22:14:00,1.34214
04/08/2014 22:15:00,1.34208
04/08/2014 22:16:00,1.34209
04/08/2014 22:17:00,1.3421
04/08/2014 22:18:00,1.3421
04/08/2014 22:19:00,1.34215
04/08/2014 22:20:00,1.34214
04/08/2014 22:21:00,1.34215
04/08/2014 22:22:00,1.34215
04/08/2014 22:23:00,1.34214
04/08/2014 22:24:00,1.34213
04/08/2014 22:25:00,1.34212
04/08/2014 22:26:00,1.34212
04/08/2014 22:27:00,1.34211
04/08/2014 22:28:00,1.34213
04/08/2014 22:29:00,1.34211
04/08/2014 22:30:00,1.34211
04/08/2014 22:31:00,1.34212
04/08/2014 22:32:00,1.34212
04/08/2014 22:33:00,1.34211
04/08/2014 22:34:00,1.34213
04/08/2014 22:35:00,1.34214
04/08/2014 22:36:00,1.34213
04/08/2014 22:37:00,1.34214
04/08/2014 22:38:00,1.34217
04/08/2014 22:39:00,1.34217
04/08/2014 22:41:00,1.34217
04/08/2014 22:43:00,1.34217
04/08/2014 22:45:00,1.34217
04/08/2014 22:46:00,1.34216
04/08/2014 22:47:00,1.34215
04/08/2014 22:48:00,1.34216
04/08/2014 22:49:00,1.34216
04/08/2014 22:50:00,1.34215
04/08/2014 22:51:00,1.34216
04/08/2014 22:54:00,1.34217
04/08/2014 22:55:00,1.34218
04/08/2014 22:56:00,1.3422
04/08/2014 22:57:00,1.34217
04/08/2014 22:58:00,1.34214
04/08/2014 22:59:00,1.34213
04/08/2014 23:00:00,1.34211
04/08/2014 23:01:00,1.34212
04/08/2014 23:02:00,1.34212
04/08/2014 23:03:00,1.34211
04/08/2014 23:04:00,1.34211
04/08/2014 23:05:00,1.34211
04/08/2014 23:06:00,1.34212
04/08/2014 23:07:00,1.34215
04/08/2014 23:08:00,1.34214
04/08/2014 23:09:00,1.34212
04/08/2014 23:10:00,1.34205
04/08/2014 23:11:00,1.34211
04/08/2014 23:12:00,1.3421
04/08/2014 23:13:00,1.3421
04/08/2014 23:14:00,1.3421
04/08/2014 23:15:00,1.34209
04/08/2014 23:16:00,1.34207
04/08/2014 23:17:00,1.3421
04/08/2014 23:18:00,1.34206
04/08/2014 23:19:00,1.34209
04/08/2014 23:20:00,1.34208
04/08/2014 23:21:00,1.34207
04/08/2014 23:22:00,1.34206
04/08/2014 23:23:00,1.34206
04/08/2014 23:24:00,1.34206
04/08/2014 23:25:00,1.34205
04/08/2014 23:26:00,1.34205
04/08/2014 23:27:00,1.34205
04/08/2014 23:28:00,1.34205
04/08/2014 23:29:00,1.34205
04/08/2014 23:31:00,1.34206
04/08/2014 23:32:00,1.34209
04/08/2014 23:33:00,1.34208
04/08/2014 23:34:00,1.34208
04/08/2014 23:35:00,1.34204
04/08/2014 23:36:00,1.34205
04/08/2014 23:37:00,1.34206
04/08/2014 23:38:00,1.34206
04/08/2014 23:39:00,1.34208
04/08/2014 23:42:00,1.34204
04/08/2014 23:43:00,1.34205
04/08/2014 23:44:00,1.34206
04/08/2014 23:45:00,1.34206
04/08/2014 23:46:00,1.34205
04/08/2014 23:48:00,1.34203
04/08/2014 23:49:00,1.34198
04/08/2014 23:50:00,1.34198
04/08/2014 23:51:00,1.34197
04/08/2014 23:52:00,1.34198
04/08/2014 23:53:00,1.34198
04/08/2014 23:54:00,1.342
04/08/2014 23:55:00,1.34201
04/08/2014 23:56:00,1.342
04/08/2014 23:57:00,1.34204
04/08/2014 23:58:00,1.34205
04/08/2014 23:59:00,1.34206
05/08/2014 00:00:00,1.34205
